Szakasz	Tipus	English_KJV_ref	Heber_vers	Latin_vers	Gorog_LXX_vers	Karoli_igehely_probalt	Karoli_allapot	Statusz
Exo.28:22-28:43	LongVerse/LVElsewhere	Exo.28:22	Exo.28:22	Exo.28:22	Exo.28:22.0	2Móz 28:22	VAN_TELJES	KUTATASI_JELOLT
Exo.28:22-28:43	LongVerseElsewhere	Exo.28:23-28	Exo.28:23-28	Exo.28:23-28	Exo.28:22.1-6	2Móz 28:23-28	RESZLEGES_VAGY_NEM_ELLENORIZHETO	KUTATASI_JELOLT
Exo.36:8-36:38	LongVerseElsewhereJoin	Exo.36:8	Exo.36:8	Exo.36:8	Exo.37:1, 2.1	2Móz 36:8	VAN_TELJES	KUTATASI_JELOLT
Exo.36:8-36:38	LongVerseElsewhereJoin	Exo.36:9	Exo.36:9	Exo.36:9	Exo.37:2.0, 2.2	2Móz 36:9	VAN_TELJES	KUTATASI_JELOLT
Exo.36:8-36:38	LongVerseElsewhere	Exo.36:10-12	Exo.36:10-12	Exo.36:10-12	Exo.37:2.3-5	2Móz 36:10-12	RESZLEGES_VAGY_NEM_ELLENORIZHETO	KUTATASI_JELOLT
Exo.36:8-36:38	LongVerseElsewhere	Exo.36:13	Exo.36:13	Exo.36:13	Exo.37:2.6	2Móz 36:13	VAN_TELJES	KUTATASI_JELOLT
Exo.36:8-36:38	LongVerseElsewhere	Exo.36:14-34	Exo.36:14-34	Exo.36:14-34	Exo.37:2.7-27	2Móz 36:14-34	RESZLEGES_VAGY_NEM_ELLENORIZHETO	KUTATASI_JELOLT
Exo.37:1-37:29	LongVerseElsewhere	Exo.37:10	Exo.37:10	Exo.37:10	Exo.38:11.1	2Móz 37:10	VAN_TELJES	KUTATASI_JELOLT
Exo.37:1-37:29	LongVerseElsewhereJoin	Exo.37:11	Exo.37:11	Exo.37:11	Exo.38:9, 11.2	2Móz 37:11	VAN_TELJES	KUTATASI_JELOLT
Exo.37:1-37:29	LongVerseElsewhere	Exo.37:12	Exo.37:12	Exo.37:12	Exo.38:11.3	2Móz 37:12	VAN_TELJES	KUTATASI_JELOLT
Exo.37:1-37:29	LongVerseElsewhereJoin	Exo.37:13	Exo.37:13	Exo.37:13	Exo.38:10, 11.4	2Móz 37:13	VAN_TELJES	KUTATASI_JELOLT
Exo.37:1-37:29	LongVerseElsewhere	Exo.37:14	Exo.37:14	Exo.37:14	Exo.38:11.5	2Móz 37:14	VAN_TELJES	KUTATASI_JELOLT
Exo.37:1-37:29	LongVerseElsewhereJoin	Exo.37:15	Exo.37:15	Exo.37:15	Exo.38:11.0, 11.6	2Móz 37:15	VAN_TELJES	KUTATASI_JELOLT
Exo.37:1-37:29	LongVerseElsewhereJoin	Exo.37:17	Exo.37:17	Exo.37:17	Exo.38:13, 17.1	2Móz 37:17	VAN_TELJES	KUTATASI_JELOLT
Exo.37:1-37:29	LongVerseElsewhereJoin	Exo.37:18	Exo.37:18	Exo.37:18	Exo.38:14, 15, 17.2	2Móz 37:18	VAN_TELJES	KUTATASI_JELOLT
Exo.37:1-37:29	LongVerseElsewhereJoin	Exo.37:19	Exo.37:19	Exo.37:19	Exo.38:16, 17.3	2Móz 37:19	VAN_TELJES	KUTATASI_JELOLT
Exo.37:1-37:29	LongVerseElsewhere	Exo.37:20-22	Exo.37:20-22	Exo.37:20-22	Exo.38:17.4-6	2Móz 37:20-22	RESZLEGES_VAGY_NEM_ELLENORIZHETO	KUTATASI_JELOLT
Exo.37:1-37:29	LongVerseElsewhereJoin	Exo.37:23	Exo.37:23	Exo.37:23	Exo.38:17.0, 17.7	2Móz 37:23	VAN_TELJES	KUTATASI_JELOLT
Exo.37:1-37:29	LongVerseElsewhere	Exo.37:24-28.0	Exo.37:24-28.0	Exo.37:24-28.0	Exo.38:17.8-12	2Móz 37:24-28.0	RESZLEGES_VAGY_NEM_ELLENORIZHETO	KUTATASI_JELOLT
Jos.8:30--9:27	LongVerseElsewhere	Jos.8:30-35	Jos.8:30-35	Jos.8:30-35	Jos.9:2.1-6	Józs 8:30-35	RESZLEGES_VAGY_NEM_ELLENORIZHETO	KUTATASI_JELOLT
Jos.8:30--9:27	LongVerse/LVElsewhere	Jos.9:2	Jos.9:2	Jos.9:2	Jos.9:2.0	Józs 9:2	VAN_TELJES	KUTATASI_JELOLT
1Ki.2:8--7:23	LongVerseDuplicated	1Ki.2:8	1Ki.2:8	1Ki.2:8	1Ki.2:8 [=1Ki.2:35.11-13]	1Kir 2:8	VAN_TELJES	KUTATASI_JELOLT
1Ki.2:8--7:23	LongVerseDuplicated	1Ki.2:9	1Ki.2:9	1Ki.2:9	1Ki.2:9 [=1Ki.2:35.14]	1Kir 2:9	VAN_TELJES	KUTATASI_JELOLT
1Ki.2:8--7:23	LongVerse/LVDuplicated	1Ki.2:35	1Ki.2:35	1Ki.2:35	1Ki.2:35.0-14 [=1Ki.4:29-30; 3:1; 5:15; 7:23; 9:10,15,23,24,25; 2:8-9 / .1= /4:29 .2=4:30 / .3=3:1 / .4=5:15 / .5=7:23 / .6=9:24 / .7=9:25 / .8=9:23 / .9=9:15 / .10=9:10 / .11=2:8.1 / .12=2:8.2 / .13=2:8.3 / .14=2:9]	1Kir 2:35	VAN_TELJES	KUTATASI_JELOLT
1Ki.2:8--7:23	LongVerseElsewhere	1Ki.2:46	1Ki.2:46	1Ki.2:46	1Ki.2:46.0-11 [=1Ki.4:2-5,20-26; 9:18-19]	1Kir 2:46	VAN_TELJES	KUTATASI_JELOLT
1Ki.2:8--7:23	LongVerseDuplicated	1Ki.3:1	1Ki.3:1	1Ki.3:1	1Ki.5:14.1 [=1Ki.2:35.3]	1Kir 3:1	VAN_TELJES	KUTATASI_JELOLT
1Ki.2:8--7:23	LongVerseElsewhereJoin	1Ki.4:20	1Ki.4:20	1Ki.4:20	1Ki.2:46.1-5	1Kir 4:20	VAN_TELJES	KUTATASI_JELOLT
1Ki.2:8--7:23	LongVerseElsewhereJoin	1Ki.4:21	1Ki.5:1	1Ki.4:21	1Ki.2:46.10-11 [=1Ki.10:26.1]	1Kir 4:21	VAN_TELJES	KUTATASI_JELOLT
1Ki.2:8--7:23	LongVerseDuplicated	1Ki.4:24	1Ki.5:4	1Ki.4:24	1Ki.5:4 [=1Ki.2:46.6]	1Kir 4:24	VAN_TELJES	KUTATASI_JELOLT
1Ki.2:8--7:23	LongVerseElsewhereJoin	1Ki.4:25	1Ki.5:5	1Ki.4:25	1Ki.2:46.7-8	1Kir 4:25	VAN_TELJES	KUTATASI_JELOLT
1Ki.2:8--7:23	LongVerseElsewhere	1Ki.4:26	1Ki.5:6	1Ki.4:26	1Ki.2:46.9	1Kir 4:26	VAN_TELJES	KUTATASI_JELOLT
1Ki.2:8--7:23	LongVerseDuplicated	1Ki.4:29	1Ki.5:9	1Ki.4:29	1Ki.5:9 [=1Ki.2:35.1]	1Kir 4:29	VAN_TELJES	KUTATASI_JELOLT
1Ki.2:8--7:23	LongVerseDuplicated	1Ki.4:30	1Ki.5:10	1Ki.4:30	1Ki.5:10 [=1Ki.2:35.2]	1Kir 4:30	VAN_TELJES	KUTATASI_JELOLT
1Ki.2:8--7:23	LongVerseDuplicated	1Ki.5:15	1Ki.5:29	1Ki.5:15	1Ki.5:29 [=1Ki.2:35.4]	1Kir 5:15	VAN_TELJES	KUTATASI_JELOLT
1Ki.2:8--7:23	LongVerseDuplicated	1Ki.7:23	1Ki.7:23	1Ki.7:23	1Ki.7:10 [=1Ki.2:35.5]	1Kir 7:23	VAN_TELJES	KUTATASI_JELOLT
1Ki.5:17--6:38	LongVerseElsewhere	1Ki.5:17	1Ki.5:31	1Ki.5:17	1Ki.6:1.1	1Kir 5:17	VAN_TELJES	KUTATASI_JELOLT
1Ki.5:17--6:38	LongVerseElsewhere	1Ki.5:18	1Ki.5:32	1Ki.5:18	1Ki.6:1.2[=+5:32]	1Kir 5:18	VAN_TELJES	KUTATASI_JELOLT
1Ki.5:17--6:38	LongVerse/LVElsewhere	1Ki.6:1	1Ki.6:1	1Ki.6:1	1Ki.6:1.0	1Kir 6:1	VAN_TELJES	KUTATASI_JELOLT
1Ki.5:17--6:38	LongVerseElsewhere	1Ki.6:37	1Ki.6:37	1Ki.6:37	1Ki.6:1.3	1Kir 6:37	VAN_TELJES	KUTATASI_JELOLT
1Ki.5:17--6:38	LongVerseElsewhere	1Ki.6:38	1Ki.6:38	1Ki.6:38	1Ki.6:1.4	1Kir 6:38	VAN_TELJES	KUTATASI_JELOLT
1Ki.8:12--10:26	LongVerse/LVElsewhere	1Ki.8:53	1Ki.8:53	1Ki.8:53	1Ki.8:53.0	1Kir 8:53	VAN_TELJES	KUTATASI_JELOLT
1Ki.8:12--10:26	LongVerse/LVElsewhere	1Ki.9:9	1Ki.9:9	1Ki.9:9	1Ki.9:9.0	1Kir 9:9	VAN_TELJES	KUTATASI_JELOLT
1Ki.8:12--10:26	LongVerseElsewhere	1Ki.9:16	1Ki.9:16	1Ki.9:16	1Ki.5:14.2	1Kir 9:16	VAN_TELJES	KUTATASI_JELOLT
1Ki.8:12--10:26	LongVerseElsewhere	1Ki.9:17-19	1Ki.9:17-19	1Ki.9:17-19	Absent [=1Ki.10:22.1]	1Kir 9:17-19	RESZLEGES_VAGY_NEM_ELLENORIZHETO	KUTATASI_JELOLT
1Ki.8:12--10:26	LongVerseElsewhere	1Ki.9:21	1Ki.9:21	1Ki.9:21	Absent [=1Ki.10:22.2]	1Kir 9:21	VAN_TELJES	KUTATASI_JELOLT
1Ki.8:12--10:26	LongVerseElsewhere	1Ki.9:22	1Ki.9:22	1Ki.9:22	1Ki.10:22.3	1Kir 9:22	VAN_TELJES	KUTATASI_JELOLT
1Ki.8:12--10:26	LongVerseElsewhereJoin	1Ki.9:23	1Ki.9:23	1Ki.9:23	Absent [=1Ki.2:35.8-10]	1Kir 9:23	VAN_TELJES	KUTATASI_JELOLT
1Ki.8:12--10:26	LongVerseElsewhere	1Ki.9:24	1Ki.9:24	1Ki.9:24	1Ki.9:9.1 [=1Ki.2:35.6]	1Kir 9:24	VAN_TELJES	KUTATASI_JELOLT
1Ki.8:12--10:26	LongVerseElsewhere	1Ki.9:25	1Ki.9:25	1Ki.9:25	Absent [=1Ki.2:35.7]	1Kir 9:25	VAN_TELJES	KUTATASI_JELOLT
1Ki.8:12--10:26	LongVerse/LVElsewhere	1Ki.10:22	1Ki.10:22	1Ki.10:22	1Ki.10:22.0	1Kir 10:22	VAN_TELJES	KUTATASI_JELOLT
1Ki.8:12--10:26	LongVerse/LVDuplicated	1Ki.10:26	1Ki.10:26	1Ki.10:26	1Ki.10:26.0-1 [=1Ki.4:21]	1Kir 10:26	VAN_TELJES	KUTATASI_JELOLT
1Ki.11:21--14:20	LongVerseElsewhere	1Ki.11:14	1Ki.11:14	1Ki.11:14	1Ki.11:14.0	1Kir 11:14	VAN_TELJES	KUTATASI_JELOLT
1Ki.11:21--14:20	LongVerseDuplicated	1Ki.11:19	1Ki.11:19	1Ki.11:19	1Ki.11:19 [=1Ki.12:24.5]	1Kir 11:19	VAN_TELJES	KUTATASI_JELOLT
1Ki.11:21--14:20	LongVerseDuplicated	1Ki.11:21	1Ki.11:21	1Ki.11:21	1Ki.11:21 [=1Ki.12:24.4]	1Kir 11:21	VAN_TELJES	KUTATASI_JELOLT
1Ki.11:21--14:20	LongVerseDuplicated	1Ki.11:22	1Ki.11:22	1Ki.11:22	1Ki.11:22 [=1Ki.12:24.4]	1Kir 11:22	VAN_TELJES	KUTATASI_JELOLT
1Ki.11:21--14:20	LongVerseElsewhere	1Ki.11:23	1Ki.11:23	1Ki.11:23	1Ki.11:14.1	1Kir 11:23	VAN_TELJES	KUTATASI_JELOLT
1Ki.11:21--14:20	LongVerseElsewhere	1Ki.11:24	1Ki.11:24	1Ki.11:24	1Ki.11:14.2	1Kir 11:24	VAN_TELJES	KUTATASI_JELOLT
1Ki.11:21--14:20	LongVerseElsewhere	1Ki.11:25	1Ki.11:25	1Ki.11:25	1Ki.11:14.2	1Kir 11:25	VAN_TELJES	KUTATASI_JELOLT
1Ki.11:21--14:20	LongVerseDuplicated	1Ki.11:26	1Ki.11:26	1Ki.11:26	1Ki.11:26 [=1Ki.12:24.2]	1Kir 11:26	VAN_TELJES	KUTATASI_JELOLT
1Ki.11:21--14:20	LongVerseDuplicated	1Ki.11:27	1Ki.11:27	1Ki.11:27	1Ki.11:27 [=1Ki.12:24.2]	1Kir 11:27	VAN_TELJES	KUTATASI_JELOLT
1Ki.11:21--14:20	LongVerseDuplicated	1Ki.11:28	1Ki.11:28	1Ki.11:28	1Ki.11:28 [=1Ki.12:24.2]	1Kir 11:28	VAN_TELJES	KUTATASI_JELOLT
1Ki.11:21--14:20	LongVerseDuplicated	1Ki.11:31	1Ki.11:31	1Ki.11:31	1Ki.11:31 [=1Ki.12:24.14]	1Kir 11:31	VAN_TELJES	KUTATASI_JELOLT
1Ki.11:21--14:20	LongVerseDuplicated	1Ki.11:40	1Ki.11:40	1Ki.11:40	1Ki.11:40 [=1Ki.12:24.3]	1Kir 11:40	VAN_TELJES	KUTATASI_JELOLT
1Ki.11:21--14:20	LongVerseDuplicated	1Ki.11:43	1Ki.11:43	1Ki.11:43	1Ki.11:43 [=1Ki.12:24.1]	1Kir 11:43	VAN_TELJES	KUTATASI_JELOLT
1Ki.11:21--14:20	LongVerseDuplicated	1Ki.12:3	1Ki.12:3	1Ki.12:3	1Ki.12:3 [=1Ki.12:24.15]	1Kir 12:3	VAN_TELJES	KUTATASI_JELOLT
1Ki.11:21--14:20	LongVerseDuplicated	1Ki.12:4	1Ki.12:4	1Ki.12:4	1Ki.12:4 [=1Ki.12:24.15]	1Kir 12:4	VAN_TELJES	KUTATASI_JELOLT
1Ki.11:21--14:20	LongVerseDuplicated	1Ki.12:5	1Ki.12:5	1Ki.12:5	1Ki.12:5 [=1Ki.12:24.15]	1Kir 12:5	VAN_TELJES	KUTATASI_JELOLT
1Ki.11:21--14:20	LongVerseDuplicated	1Ki.12:6	1Ki.12:6	1Ki.12:6	1Ki.12:6 [=1Ki.12:24.16]	1Kir 12:6	VAN_TELJES	KUTATASI_JELOLT
1Ki.11:21--14:20	LongVerseDuplicated	1Ki.12:7	1Ki.12:7	1Ki.12:7	1Ki.12:7 [=1Ki.12:24.16]	1Kir 12:7	VAN_TELJES	KUTATASI_JELOLT
1Ki.11:21--14:20	LongVerseDuplicated	1Ki.12:8	1Ki.12:8	1Ki.12:8	1Ki.12:8 [=1Ki.12:24.17]	1Kir 12:8	VAN_TELJES	KUTATASI_JELOLT
1Ki.11:21--14:20	LongVerseDuplicated	1Ki.12:9	1Ki.12:9	1Ki.12:9	1Ki.12:9 [=1Ki.12:24.17]	1Kir 12:9	VAN_TELJES	KUTATASI_JELOLT
1Ki.11:21--14:20	LongVerseDuplicated	1Ki.12:10	1Ki.12:10	1Ki.12:10	1Ki.12:10 [=1Ki.12:24.17]	1Kir 12:10	VAN_TELJES	KUTATASI_JELOLT
1Ki.11:21--14:20	LongVerseDuplicated	1Ki.12:11	1Ki.12:11	1Ki.12:11	1Ki.12:11 [=1Ki.12:24.17]	1Kir 12:11	VAN_TELJES	KUTATASI_JELOLT
1Ki.11:21--14:20	LongVerseDuplicated	1Ki.12:14	1Ki.12:14	1Ki.12:14	1Ki.12:14 [=1Ki.12:24.18]	1Kir 12:14	VAN_TELJES	KUTATASI_JELOLT
1Ki.11:21--14:20	LongVerseDuplicated	1Ki.12:16	1Ki.12:16	1Ki.12:16	1Ki.12:16 [=1Ki.12:24.19]	1Kir 12:16	VAN_TELJES	KUTATASI_JELOLT
1Ki.11:21--14:20	LongVerseDuplicated	1Ki.12:17	1Ki.12:17	1Ki.12:17	1Ki.12:17 [=1Ki.12:24.20]	1Kir 12:17	VAN_TELJES	KUTATASI_JELOLT
1Ki.11:21--14:20	LongVerseDuplicated	1Ki.12:21	1Ki.12:21	1Ki.12:21	1Ki.12:21 [=1Ki.12:24.21]	1Kir 12:21	VAN_TELJES	KUTATASI_JELOLT
1Ki.11:21--14:20	LongVerseDuplicated	1Ki.12:22	1Ki.12:22	1Ki.12:22	1Ki.12:22 [=1Ki.12:24.22]	1Kir 12:22	VAN_TELJES	KUTATASI_JELOLT
1Ki.11:21--14:20	LongVerseDuplicated	1Ki.12:23	1Ki.12:23	1Ki.12:23	1Ki.12:23 [=1Ki.12:24.22]	1Kir 12:23	VAN_TELJES	KUTATASI_JELOLT
1Ki.11:21--14:20	LongVerse/LVDuplicated	1Ki.12:24	1Ki.12:24	1Ki.12:24	1Ki.12:24.0-23 [=1Ki.11:19,21-22,24,26-28,31,40,43; 12:3-11,14,16-17,21-24; 14:1-6,11-12,18 / .1=11:43; 14:22 / .2=11:26-28 / .3=11:40 / .4=11:21-22 / .5=11:19 / .6=11:24 / .7=14:1-2 / .8=14:3 / .9=14:4 / .10=14:6 / .11=14:12 / .12=14:11 / .13=14:17-18 / .14=11:31 / .15=12:3-5 / .16=12:6-7 / .17=12:8-11 / .18=12:14 / .19=12:16 / .20=12:17 / .21=12:21 / .22=12:22-23 / .23=12:24.0]	1Kir 12:24	VAN_TELJES	KUTATASI_JELOLT
1Ki.11:21--14:20	LongVerseElsewhere	1Ki.14:1	1Ki.14:1	1Ki.14:1	1Ki.12:24.7	1Kir 14:1	VAN_TELJES	KUTATASI_JELOLT
1Ki.11:21--14:20	LongVerseElsewhere	1Ki.14:4	1Ki.14:4	1Ki.14:4	1Ki.12:24.9	1Kir 14:4	VAN_TELJES	KUTATASI_JELOLT
1Ki.11:21--14:20	LongVerseElsewhere	1Ki.14:11	1Ki.14:11	1Ki.14:11	1Ki.12:24.12	1Kir 14:11	VAN_TELJES	KUTATASI_JELOLT
1Ki.11:21--14:20	LongVerseElsewhere	1Ki.14:12	1Ki.14:12	1Ki.14:12	1Ki.12:24.11	1Kir 14:12	VAN_TELJES	KUTATASI_JELOLT
1Ki.11:21--14:20	LongVerseElsewhere	1Ki.14:17	1Ki.14:17	1Ki.14:17	1Ki.12:24.13	1Kir 14:17	VAN_TELJES	KUTATASI_JELOLT
1Ki.16:28--22:41	LongVerse/LVElsewhere	1Ki.16:28	1Ki.16:28	1Ki.16:28	1Ki.16:28.0-8 [=1Ki.22:41-50; / .1=22:41-42 / .1=22:43-44 / .3=22:45 / .4=22:46 / .5=22:47 / .6=22:48 / .7=22:49 / .8=22:50 /]	1Kir 16:28	VAN_TELJES	KUTATASI_JELOLT
1Ki.16:28--22:41	LongVerseDuplicated	1Ki.22:41	1Ki.22:41	1Ki.22:41	1Ki.22:41 [=1Ki.16:28.1]	1Kir 22:41	VAN_TELJES	KUTATASI_JELOLT
1Ki.16:28--22:41	LongVerseDuplicated	1Ki.22:42	1Ki.22:42	1Ki.22:42	1Ki.22:42 [=1Ki.16:28.1]	1Kir 22:42	VAN_TELJES	KUTATASI_JELOLT
1Ki.16:28--22:41	LongVerseDuplicated	1Ki.22:45	1Ki.22:46	1Ki.22:46	1Ki.22:46 [=1Ki.16:28.3]	1Kir 22:45	VAN_TELJES	KUTATASI_JELOLT
1Ki.16:28--22:41	LongVerseElsewhere	1Ki.22:46-49	1Ki.22:47-50	1Ki.22:47-50	1Ki.16:28.4-7	1Kir 22:46-49	RESZLEGES_VAGY_NEM_ELLENORIZHETO	KUTATASI_JELOLT
1Ki.16:28--22:41	LongVerseDuplicated	1Ki.22:50	1Ki.22:51	1Ki.22:51	1Ki.22:51 [=1Ki.16:28.8]	1Kir 22:50	VAN_TELJES	KUTATASI_JELOLT
Est.1:1-22	LongVerse/LVExtra	Est.1:1.1-17	NoVerse	Est.A:1-17	Est.1:1.1-17	Eszt 1:1.1-17	RESZLEGES_VAGY_NEM_ELLENORIZHETO	KUTATASI_JELOLT
Est.3:1-14	LongVerse/LVExtra	Est.3:13.1-7	NoVerse	Est.B:1-7	Est.3:13.1-7	Eszt 3:13.1-7	RESZLEGES_VAGY_NEM_ELLENORIZHETO	KUTATASI_JELOLT
Est.4:1-17	LongVerse/LVExtra	Est.4:17.1-2	NoVerse	Est.C:1-2	Est.4:17.1-2	Eszt 4:17.1-2	RESZLEGES_VAGY_NEM_ELLENORIZHETO	KUTATASI_JELOLT
Est.4:1-17	LongVerse/LVExtra	Est.4:17.7-11	NoVerse	Est.C:7-11	Est.4:17.7-11	Eszt 4:17.7-11	RESZLEGES_VAGY_NEM_ELLENORIZHETO	KUTATASI_JELOLT
Est.4:1-17	LongVerse/LVExtra	Est.4:17.18-21	NoVerse	Est.C:18-21	Est.4:17.18-21	Eszt 4:17.18-21	RESZLEGES_VAGY_NEM_ELLENORIZHETO	KUTATASI_JELOLT
Est.4:1-17	LongVerse/LVExtra	Est.4:17.24-30	NoVerse	Est.C:24-30	Est.4:17.24-30	Eszt 4:17.24-30	RESZLEGES_VAGY_NEM_ELLENORIZHETO	KUTATASI_JELOLT
Est.5:1-14	LongVerse/LVExtra	Est.5:1.1	NoVerse	Est.D:1	Est.5:1.1	Eszt 5:1.1	RESZLEGES_VAGY_NEM_ELLENORIZHETO	KUTATASI_JELOLT
Est.5:1-14	LongVerse/LVExtra	Est.5:1.2-6	NoVerse	Est.D:2-6	Est.5:1.2-6	Eszt 5:1.2-6	RESZLEGES_VAGY_NEM_ELLENORIZHETO	KUTATASI_JELOLT
Est.5:1-14	LongVerse/LVExtra	Est.5:2.1-6	NoVerse	Est.D:7-12	Est.5:2.1-6	Eszt 5:2.1-6	RESZLEGES_VAGY_NEM_ELLENORIZHETO	KUTATASI_JELOLT
Est.5:1-14	LongVerse/LVExtra	Est.5:2.7-8	NoVerse	Est.D:13-14	Est.5:2.7-8	Eszt 5:2.7-8	RESZLEGES_VAGY_NEM_ELLENORIZHETO	KUTATASI_JELOLT
Est.5:1-14	LongVerse/LVExtra	Est.5:2.9-10	NoVerse	Est.D:15-16	Est.5:2.9-10	Eszt 5:2.9-10	RESZLEGES_VAGY_NEM_ELLENORIZHETO	KUTATASI_JELOLT
Est.8:1-17	LongVerse/LVExtra	Est.8:12.1-24	NoVerse	Est.E:1-24	Est.8:12.1-24	Eszt 8:12.1-24	RESZLEGES_VAGY_NEM_ELLENORIZHETO	KUTATASI_JELOLT
Est.10:1-3	LongVerse/LVExtra	Est.10:3.1	NoVerse	Est.F:1	Est.10:3.1	Eszt 10:3.1	RESZLEGES_VAGY_NEM_ELLENORIZHETO	KUTATASI_JELOLT
Est.10:1-3	LongVerse/LVExtra	Est.10:3.2-10	NoVerse	Est.F:2-10	Est.10:3.2-10	Eszt 10:3.2-10	RESZLEGES_VAGY_NEM_ELLENORIZHETO	KUTATASI_JELOLT
Est.10:1-3	LongVerse/LVExtra	Est.10:3.11	NoVerse	Est.F:11	Est.10:3.11	Eszt 10:3.11	RESZLEGES_VAGY_NEM_ELLENORIZHETO	KUTATASI_JELOLT
