Karoli_konyv_prefix	Karoli_igehely	Oszlop	Nyers_ertek
1Móz	1Móz 2:25	Gorog	Gen.2:25 / 3:1a
1Móz	1Móz 5:31	Gorog	Gen.5:31-6:1a
1Móz	1Móz 5:32	Heber	Gen.5:32-6:1
2Móz	2Móz 36:34	Gorog	Exo.37:2aa
2Móz	2Móz 36:8	Gorog	Exo.36:8; 39:12
2Móz	2Móz 36:9	Gorog	Exo.37:2*a-aa
2Móz	2Móz 36:9	Gorog	Exo.37:2*
2Móz	2Móz 37:10	Gorog	Exo.38:11*a-f
2Móz	2Móz 37:11	Gorog	Exo.38:9,11b
2Móz	2Móz 37:11	Gorog	Exo.38:9; 11b
2Móz	2Móz 37:13	Gorog	Exo.38:10,11d
2Móz	2Móz 37:15	Gorog	Exo.38:11*
2Móz	2Móz 37:17	Gorog	Exo.38:13,17a
2Móz	2Móz 37:17	Gorog	Exo.38:13; 17a
2Móz	2Móz 37:18	Gorog	Exo.38:14,15
2Móz	2Móz 37:18	Gorog	Exo.38:14, 15; 17b
2Móz	2Móz 37:19	Gorog	Exo.38:16; 17c
2Móz	2Móz 37:19	Gorog	Exo.38:16,17c
2Móz	2Móz 37:23	Gorog	Exo.38:17*g
2Móz	2Móz 38:19	Gorog	Exo.37:17; 38:20
2Móz	2Móz 38:20	Gorog	Exo.37:18; 38:21
2Móz	2Móz 39:1	Gorog	Exo.36:8; 39:13
2Móz	2Móz 39:37	Gorog	Exo.39:17, 12
Józs	Józs 24:33	Gorog	Jos.24:33*a-c
Józs	Józs 9:2	Gorog	Jos.9:2*
Józs	Józs 9:2	Gorog	Jos.9:2*a-f
Józs	Józs 9:27	Gorog	Jos.9:27a-f
Józs	Józs 9:2	Heber	Jos.9:2; 8:30-35
Neh	Neh 4:1	Gorog	Neh.3:33 / 4:1
Neh	Neh 4:10	Gorog	Neh.4:4 / 4:10
Neh	Neh 4:11	Gorog	Neh.4:5 / 4:11
Neh	Neh 4:12	Gorog	Neh.4:6 / 4:12
Neh	Neh 4:13	Gorog	Neh.4:7 / 4:13
Neh	Neh 4:14	Gorog	Neh.4:8 / 4:14
Neh	Neh 4:15	Gorog	Neh.4:9 / 4:15
Neh	Neh 4:16	Gorog	Neh.4:10 / 4:16
Neh	Neh 4:17	Gorog	Neh.4:11 / 4:17
Neh	Neh 4:18	Gorog	Neh.4:12 / 4:18
Neh	Neh 4:19	Gorog	Neh.4:13 / 4:19
Neh	Neh 4:2	Gorog	Neh.3:34 / 4:2
Neh	Neh 4:20	Gorog	Neh.4:14 / 4:20
Neh	Neh 4:21	Gorog	Neh.4:15 / 4:21
Neh	Neh 4:22	Gorog	Neh.4:16 / 4:22
Neh	Neh 4:23	Gorog	Neh.4:17 / 4:23
Neh	Neh 4:3	Gorog	Neh.3:35 / 4:3
Neh	Neh 4:4	Gorog	Neh.3:36 / 4:4-5
Neh	Neh 4:5	Gorog	Neh.3:37 / 4:6
Neh	Neh 4:7	Gorog	Neh.4:1 / 4:7
Neh	Neh 4:8	Gorog	Neh.4:2 / 4:8
Neh	Neh 4:9	Gorog	Neh.4:3 / 4:9
Eszt	Eszt 10:3	Gorog	Est.10:3*a-l
Eszt	Eszt 3:13	Gorog	Est.3:13*a-g
Eszt	Eszt 3:13	Gorog	Est.3:13*a-g
Eszt	Eszt 4:17	Gorog	Est.4:17*a-ad
Eszt	Eszt 5:1	Gorog	Est.5:1*a-f
Eszt	Eszt 5:1	Gorog	Est.5:1; 15:1-16
Eszt	Eszt 5:2	Gorog	Est.5:2*a-j
Eszt	Eszt 8:12	Gorog	Est.8:12*a-x
Zsolt	Zsolt 1:1	Gorog	Psa.Psa.151:1-2
Zsolt	Zsolt 1:2	Gorog	Psa.Psa.151:1-2
Zsolt	Zsolt 1:3	Gorog	Psa.Psa.151:3
Zsolt	Zsolt 1:4	Gorog	Psa.Psa.151:4
Zsolt	Zsolt 1:5	Gorog	Psa.Psa.151:5
Zsolt	Zsolt 1:6	Gorog	Psa.Psa.151:6
Péld	Péld 20:9	Gorog	Pro.20:9*
Ézs	Ézs 63:19	Gorog	Isa.63:19--64:1
Dán	Dán 4:10	Gorog	Dan.4:7 / 4:10
Dán	Dán 4:11	Gorog	Dan.4:8 / 4:11
Dán	Dán 4:12	Gorog	Dan.4:9 / 4:12
Dán	Dán 4:13	Gorog	Dan.4:10 / 4:13
Dán	Dán 4:14	Gorog	Dan.4:11 / 4:14
Dán	Dán 4:15	Gorog	Dan.4:12 / 4:15
Dán	Dán 4:16	Gorog	Dan.4:13 / 4:16
Dán	Dán 4:17	Gorog	Dan.4:14 / 4:17
Dán	Dán 4:18	Gorog	Dan.4:15 / 4:18
Dán	Dán 4:19	Gorog	Dan.4:16 / 4:19
Dán	Dán 4:20	Gorog	Dan.4:17 / 4:20
Dán	Dán 4:21	Gorog	Dan.4:18 / 4:21
Dán	Dán 4:22	Gorog	Dan.4:19 / 4:22
Dán	Dán 4:23	Gorog	Dan.4:20 / 4:23
Dán	Dán 4:24	Gorog	Dan.4:21 / 4:24
Dán	Dán 4:25	Gorog	Dan.4:22 / 4:25
Dán	Dán 4:26	Gorog	Dan.4:23 / 4:26
Dán	Dán 4:27	Gorog	Dan.4:24 / 4:27
Dán	Dán 4:28	Gorog	Dan.4:25 / 4:28
Dán	Dán 4:29	Gorog	Dan.4:26 / 4:29
Dán	Dán 4:30	Gorog	Dan.4:27 / 4:30
Dán	Dán 4:31	Gorog	Dan.4:28 / 4:31
Dán	Dán 4:32	Gorog	Dan.4:29 / 4:32
Dán	Dán 4:33	Gorog	Dan.4:30 / 4:33
Dán	Dán 4:33	Gorog	Dan.4:30*a-c / 4:33*a-c
Dán	Dán 4:33	Gorog	Dan.4:30a / 4:33a
Dán	Dán 4:33	Gorog	Dan.4:30b / 4:33b
Dán	Dán 4:33	Gorog	Dan.4:30c / 4:33c
Dán	Dán 4:34	Gorog	Dan.4:31 / 4:34
Dán	Dán 4:4	Gorog	Dan.4:1 / 4:4
Dán	Dán 4:5	Gorog	Dan.4:2 / 4:5
Dán	Dán 4:6	Gorog	Dan.4:3 / 4:6
Dán	Dán 4:7	Gorog	Dan.4:4 / 4:7
Dán	Dán 4:8	Gorog	Dan.4:5 / 4:8
Dán	Dán 4:9	Gorog	Dan.4:6 / 4:9
1Kir	1Kir 10:22	Gorog	1Ki.10:22*a-c [=9:15, 17-22]
1Kir	1Kir 10:22	Gorog	1Ki.10:22*
1Kir	1Kir 10:26	Gorog	1Ki.10:26*a[=4:21]
1Kir	1Kir 11:14	Gorog	1Ki.11:14*
1Kir	1Kir 11:14	Gorog	1Ki.11:14*a-c
1Kir	1Kir 11:23	Gorog	1Ki.11:14a-c
1Kir	1Kir 11:24	Gorog	1Ki.11:14a-c  [=12:24f]
1Kir	1Kir 12:2	Gorog	1Ki.11:43 [=12:24a]
1Kir	1Kir 12:24	Gorog	1Ki.12:24*a-w [=11:19, 21-22, 24, 26-28, 31, 40, 43; 12:2-11, 14, 16-17, 21-24; 14:1-6, 11-12, 18]
1Kir	1Kir 12:24	Gorog	1Ki.12:24*a-w [=11:19, 21-22, 24, 26-28, 31, 40, 43; 12:3-11, 14, 16-17, 21-24; 14:1-6, 11-12, 18]
1Kir	1Kir 16:28	Gorog	1Ki.16:28*a-h [=22:41-50]
1Kir	1Kir 16:28	Gorog	1Ki.16:28*
1Kir	1Kir 22:43	Gorog	1Ki.22:43 [=16:28b1]
1Kir	1Kir 22:43	Gorog	1Ki.22:44 [=16:28b2]
1Kir	1Kir 22:44	Gorog	1Ki.22:43 [=16:28b]
1Kir	1Kir 22:45	Gorog	1Ki.22:46 [=16:28c-d]
1Kir	1Kir 22:45	Gorog	1Ki.22:46 [=16:28c]
1Kir	1Kir 22:50	Gorog	1Ki.22:51 [=16:28h]
1Kir	1Kir 2:35	Gorog	1Ki.2:35*a-n [=4:29-30; 3:1; 5:15; 7:23; 9:10,15,23,24,25; 2:8-9]
1Kir	1Kir 2:46	Gorog	1Ki.2:46*a-k [=4:2-5,20-26; 9:18-19]
1Kir	1Kir 4:20	Gorog	1Ki.2:46a-e
1Kir	1Kir 4:21	Gorog	1Ki.2:46j-k
1Kir	1Kir 4:24	Gorog	1Ki.5:4 [=2:46f]
1Kir	1Kir 4:25	Gorog	1Ki.2:46g-h
1Kir	1Kir 4:29	Gorog	1Ki.5:9 [=2:35a]
1Kir	1Kir 4:30	Gorog	1Ki.5:10 [=2:35b]
1Kir	1Kir 5:15	Gorog	1Ki.5:29 [=2:35d]
1Kir	1Kir 5:16	Gorog	1Ki.5:30 [=2:35h]
1Kir	1Kir 5:16	Gorog	1Ki.5:31 [=2:35h]
1Kir	1Kir 5:16	Gorog	1Ki.5:32 [=2:35h]
1Kir	1Kir 6:1	Gorog	1Ki.6:1*a-d [=5:17-18; 6:37-38]
1Kir	1Kir 6:1	Gorog	1Ki.6:1*
1Kir	1Kir 7:1	Gorog	1Ki.7:38, 50
1Kir	1Kir 7:23	Gorog	1Ki.7:10 [=2:35e]
1Kir	1Kir 8:53	Gorog	1Ki.8:53*a-b [=8:12-13]
1Kir	1Kir 9:15	Gorog	1Ki.10:22a1
1Kir	1Kir 9:17	Gorog	1Ki.10:22a2
1Kir	1Kir 9:18	Gorog	1Ki.10:22a3
1Kir	1Kir 9:19	Gorog	1Ki.10:22a4
1Kir	1Kir 9:20	Gorog	1Ki.10:22b1
1Kir	1Kir 9:21	Gorog	1Ki.10:22b2
1Kir	1Kir 9:24	Gorog	1Ki.2:35f [=9:9a]
1Kir	1Kir 9:9	Gorog	1Ki.9:9*a[=9:24]
1Kir	1Kir 11:14	Heber	1Ki.11:14,23-25
