motivum	igehely	lxx_igehely	heber_kulcsszo	gorog_megfelelo	egyezes	forras
ALVIL-001	Zsolt 16:10	Zsolt(LXX) 15:10	שְׁא֑וֹל (sh.'ol)	ᾅδην (ᾅδης, Hadēs G0086)	egyező	LXX_OS
ALVIL-001	1Móz 37:35	1Móz 37:35	שְׁאֹ֑לָ (she.'O.la)	ᾅδου (ᾅδης, Hadēs G0086)	egyező	LXX_OS
ALVIL-001	1Móz 42:38	1Móz 42:38	שְׁאֽוֹלָ (she.'o.la)	ᾅδου (ᾅδης, Hadēs G0086)	egyező	LXX_OS
ALVIL-001	1Móz 44:29	1Móz 44:29	שְׁאֹֽלָ (she.'O.la)	ᾅδου (ᾅδης, Hadēs G0086)	egyező	LXX_OS
ALVIL-001	1Móz 44:31	1Móz 44:31	שְׁאֹֽלָ (she.'O.la)	ᾅδου (ᾅδης, Hadēs G0086)	egyező	LXX_OS
ALVIL-001	4Móz 16:30	4Móz 16:30	שְׁאֹ֑לָ (she.'O.la)	ᾅδου (ᾅδης, Hadēs G0086)	egyező	LXX_OS
ALVIL-001	4Móz 16:33	4Móz 16:33	שְׁאֹ֑לָ (she.'O.la)	ᾅδου (ᾅδης, Hadēs G0086)	egyező	LXX_OS
ALVIL-001	5Móz 32:22	5Móz 32:22	שְׁא֣וֹל (she.'ol)	ᾅδου (ᾅδης, Hadēs G0086)	egyező	LXX_OS
ALVIL-001	1Sám 2:6	1Sám 2:6	שְׁא֖וֹל (she.'ol)	ᾅδου (ᾅδης, Hadēs G0086)	egyező	LXX_OS
ALVIL-001	1Kir 2:6	1Kir 2:6	שְׁאֹֽל (she.'Ol)	ᾅδου (ᾅδης, Hadēs G0086)	egyező	LXX_OS
ALVIL-001	1Kir 2:9	1Kir 2:9	שְׁאֽוֹל (she.'ol)	ᾅδου (ᾅδης, Hadēs G0086)	egyező	LXX_OS
ALVIL-001	Jób 7:9	Jób 7:9	שְׁ֝א֗וֹל (She.ol)	ᾅδην (ᾅδης, Hadēs G0086)	egyező	LXX_OS
ALVIL-001	Jób 11:8	Jób 11:8	שְּׁא֗וֹל (she.'ol)	ᾅδου (ᾅδης, Hadēs G0086)	egyező	LXX_OS
ALVIL-001	Jób 14:13	Jób 14:13	שְׁא֬וֹל (sh.'ol)	ᾅδῃ (ᾅδης, Hadēs G0086)	egyező	LXX_OS
ALVIL-001	Jób 21:13	Jób 21:13	שְׁא֣וֹל (she.'ol)	ᾅδου (ᾅδης, Hadēs G0086)	egyező	LXX_OS
ALVIL-001	Jób 26:6	Jób 26:6	שְׁא֣וֹל (she.'ol)	ᾅδης (ᾅδης, Hadēs G0086)	egyező	LXX_OS
ALVIL-001	Zsolt 6:6	Zsolt 6:6	שְׁא֗וֹל (sh.'ol)	ᾅδῃ (ᾅδης, Hadēs G0086)	egyező	LXX_OS
ALVIL-001	Zsolt 9:18	Zsolt 9:18	שְׁא֑וֹלָ (sh.'o.la)	ᾅδην (ᾅδης, Hadēs G0086)	egyező	LXX_OS
ALVIL-001	Zsolt 18:6	Zsolt(LXX) 17:6	שְׁא֣וֹל (she.'ol)	ᾅδου (ᾅδης, Hadēs G0086)	egyező	LXX_OS
ALVIL-001	Zsolt 30:4	Zsolt(LXX) 29:4	שְׁא֣וֹל (she.'ol)	ᾅδου (ᾅδης, Hadēs G0086)	egyező	LXX_OS
ALVIL-001	Zsolt 31:18	Zsolt(LXX) 30:18	שְׁאֽוֹל (sh.'ol)	ᾅδου (ᾅδης, Hadēs G0086)	egyező	LXX_OS
ALVIL-001	Zsolt 49:15	Zsolt(LXX) 48:15	שְׁא֗וֹל (she.'ol)	ᾅδῃ (ᾅδης, Hadēs G0086)	egyező	LXX_OS
ALVIL-001	Zsolt 49:16	Zsolt(LXX) 48:16	שְׁא֑וֹל (she.'ol)	ᾅδου (ᾅδης, Hadēs G0086)	egyező	LXX_OS
ALVIL-001	Zsolt 55:16	Zsolt(LXX) 54:16	שְׁא֣וֹל (she.'ol)	ᾅδου (ᾅδης, Hadēs G0086)	egyező	LXX_OS
ALVIL-001	Zsolt 86:13	Zsolt(LXX) 85:13	שְּׁא֥וֹל (she.'ol)	ᾅδου (ᾅδης, Hadēs G0086)	egyező	LXX_OS
ALVIL-001	Zsolt 88:4	Zsolt(LXX) 87:4	שְׁא֥וֹל (sh.'ol)	ᾅδῃ (ᾅδης, Hadēs G0086)	egyező	LXX_OS
ALVIL-001	Zsolt 89:49	Zsolt(LXX) 88:49	שְׁא֣וֹל (she.'ol)	ᾅδου (ᾅδης, Hadēs G0086)	egyező	LXX_OS
ALVIL-001	Zsolt 116:3	Zsolt(LXX) 114:3	שְׁא֣וֹל (she.'ol)	ᾅδου (ᾅδης, Hadēs G0086)	egyező	LXX_OS
ALVIL-001	Zsolt 139:8	Zsolt(LXX) 138:8	שְּׁא֣וֹל (she.'ol)	ᾅδην (ᾅδης, Hadēs G0086)	egyező	LXX_OS
ALVIL-001	Zsolt 141:7	Zsolt(LXX) 140:7	שְׁאֽוֹל (she.'ol)	ᾅδην (ᾅδης, Hadēs G0086)	egyező	LXX_OS
ALVIL-001	Péld 1:12	Péld 1:12	שְׁא֣וֹל (sh.'ol)	ᾅδης (ᾅδης, Hadēs G0086)	egyező	LXX_OS
ALVIL-001	Péld 5:5	Péld 5:5	שְׁ֝א֗וֹל (She.ol)	ᾅδην (ᾅδης, Hadēs G0086)	egyező	LXX_OS
ALVIL-001	Péld 7:27	Péld 7:27	שְׁא֣וֹל (she.'ol)	ᾅδου (ᾅδης, Hadēs G0086)	egyező	LXX_OS
ALVIL-001	Péld 9:18	Péld 9:18	שְׁא֣וֹל (she.'ol)	ᾅδου (ᾅδης, Hadēs G0086)	egyező	LXX_OS
ALVIL-001	Péld 15:11	Péld 15:11	שְׁא֣וֹל (she.'ol)	ᾅδης (ᾅδης, Hadēs G0086)	egyező	LXX_OS
ALVIL-001	Péld 15:24	Péld 15:24	שְּׁא֥וֹל (she.'ol)	ᾅδου (ᾅδης, Hadēs G0086)	egyező	LXX_OS
ALVIL-001	Péld 27:20	Péld(LXX) 34:20	שְׁא֣וֹל (she.'ol)	ᾅδης (ᾅδης, Hadēs G0086)	egyező	LXX_OS
ALVIL-001	Péld 30:16	Péld 30:16	שְׁאוֹל֮ (she.'Ol)	ᾅδης (ᾅδης, Hadēs G0086)	egyező	LXX_OS
ALVIL-001	Én 8:6	Én 8:6	שְׁא֖וֹל (sh.'ol)	ᾅδης (ᾅδης, Hadēs G0086)	egyező	LXX_OS
ALVIL-001	Ézs 5:14	Ézs 5:14	שְּׁאוֹל֙ (she.'Ol)	ᾅδης (ᾅδης, Hadēs G0086)	egyező	LXX_OS
ALVIL-001	Ézs 14:9	Ézs 14:9	שְׁא֗וֹל (she.'ol)	ᾅδης (ᾅδης, Hadēs G0086)	egyező	LXX_OS
ALVIL-001	Ézs 14:11	Ézs 14:11	שְׁא֛וֹל (she.'ol)	ᾅδου (ᾅδης, Hadēs G0086)	egyező	LXX_OS
ALVIL-001	Ézs 14:15	Ézs 14:15	שְׁא֛וֹל (she.'ol)	ᾅδου (ᾅδης, Hadēs G0086)	egyező	LXX_OS
ALVIL-001	Ézs 28:15	Ézs 28:15	שְׁא֖וֹל (she.'ol)	ᾅδου (ᾅδης, Hadēs G0086)	egyező	LXX_OS
ALVIL-001	Ézs 28:18	Ézs 28:18	שְׁא֖וֹל (she.'ol)	ᾅδην (ᾅδης, Hadēs G0086)	egyező	LXX_OS
ALVIL-001	Ézs 38:10	Ézs 38:10	שְׁא֑וֹל (she.'ol)	ᾅδου (ᾅδης, Hadēs G0086)	egyező	LXX_OS
ALVIL-001	Ézs 38:18	Ézs 38:18	שְׁא֛וֹל (she.'ol)	ᾅδου (ᾅδης, Hadēs G0086)	egyező	LXX_OS
ALVIL-001	Ézs 57:9	Ézs 57:9	שְׁאֽוֹל (she.'ol)	ᾅδου (ᾅδης, Hadēs G0086)	egyező	LXX_OS
ALVIL-001	Ez 31:15	Ez 31:15	שְׁא֙וֹלָ (she.'o.la)	ᾅδου (ᾅδης, Hadēs G0086)	egyező	LXX_OS
ALVIL-001	Ez 31:16	Ez 31:16	שְׁא֖וֹלָ (she.'o.la)	ᾅδου (ᾅδης, Hadēs G0086)	egyező	LXX_OS
ALVIL-001	Ez 31:17	Ez 31:17	שְׁא֖וֹלָ (she.'o.la)	ᾅδου (ᾅδης, Hadēs G0086)	egyező	LXX_OS
ALVIL-001	Ez 32:27	Ez 32:27	שְׁא֣וֹל (she.'ol)	ᾅδου (ᾅδης, Hadēs G0086)	egyező	LXX_OS
ALVIL-001	Ámós 9:2	Ámós 9:2	שְׁא֔וֹל (sh.'ol)	ᾅδου (ᾅδης, Hadēs G0086)	egyező	LXX_OS
ALVIL-001	Hab 2:5	Hab 2:5	שְׁא֜וֹל (sh.'ol)	ᾅδης (ᾅδης, Hadēs G0086)	egyező	LXX_OS
ANTROP-001	1Móz 2:7	1Móz 2:7	נֶ֥פֶשׁ (Ne.fesh)	ψυχὴν (ψυχή, psuchē G5590)	egyező	LXX_OS
HAMART-001	1Móz 3:14	1Móz 3:14	אָר֤וּר ('a.Rur)	ἐπικατάρατος (ἐπικατάρατος, epikataratos G1944)	egyező	LXX_OS
HAMART-001	1Móz 3:17	1Móz 3:17	אֲדָמָה֙ ('a.da.Mah)	ἐπικατάρατος (ἐπικατάρατος, epikataratos G1944)	egyező	LXX_OS
HAMART-001	1Móz 4:11	1Móz 4:11	אָר֣וּר ('a.Rur)	ἐπικατάρατος (ἐπικατάρατος, epikataratos G1944)	egyező	LXX_OS
HAMART-001	1Móz 6:11	1Móz 6:11	תִּשָּׁחֵ֥ת (ti.sha.Chet)	ἐφθάρη (φθείρω, phtheirō G5351)	egyező	LXX_OS
HAMART-001	1Móz 9:25	1Móz 9:25	אָר֣וּר ('a.Rur)	ἐπικατάρατος (ἐπικατάρατος, epikataratos G1944)	egyező	LXX_OS
HAMART-001	5Móz 27:15	5Móz 27:15	אָר֣וּר ('a.Rur)	ἐπικατάρατος (ἐπικατάρατος, epikataratos G1944)	egyező	LXX_OS
HAMART-001	5Móz 27:16	5Móz 27:16	אָר֕וּר ('a.Rur)	ἐπικατάρατος (ἐπικατάρατος, epikataratos G1944)	egyező	LXX_OS
HAMART-001	5Móz 27:17	5Móz 27:17	אָר֕וּר ('a.Rur)	ἐπικατάρατος (ἐπικατάρατος, epikataratos G1944)	egyező	LXX_OS
HAMART-001	5Móz 27:18	5Móz 27:18	אָר֕וּר ('a.Rur)	ἐπικατάρατος (ἐπικατάρατος, epikataratos G1944)	egyező	LXX_OS
HAMART-001	5Móz 27:19	5Móz 27:19	אָר֗וּר ('a.Rur)	ἐπικατάρατος (ἐπικατάρατος, epikataratos G1944)	egyező	LXX_OS
HAMART-001	5Móz 27:20	5Móz 27:20	אָר֗וּר ('a.Rur)	ἐπικατάρατος (ἐπικατάρατος, epikataratos G1944)	egyező	LXX_OS
HAMART-001	5Móz 27:21	5Móz 27:21	אָר֕וּר ('a.Rur)	ἐπικατάρατος (ἐπικατάρατος, epikataratos G1944)	egyező	LXX_OS
HAMART-001	5Móz 27:22	5Móz 27:22	אָר֗וּר ('a.Rur)	ἐπικατάρατος (ἐπικατάρατος, epikataratos G1944)	egyező	LXX_OS
HAMART-001	5Móz 27:23	5Móz 27:23	אָר֕וּר ('a.Rur)	ἐπικατάρατος (ἐπικατάρατος, epikataratos G1944)	egyező	LXX_OS
HAMART-001	5Móz 27:24	5Móz 27:24	אָר֕וּר ('a.Rur)	ἐπικατάρατος (ἐπικατάρατος, epikataratos G1944)	egyező	LXX_OS
HAMART-001	5Móz 27:25	5Móz 27:25	אָרוּר֙ ('a.Rur)	ἐπικατάρατος (ἐπικατάρατος, epikataratos G1944)	egyező	LXX_OS
HAMART-001	5Móz 27:26	5Móz 27:26	אָר֗וּר ('a.Rur)	ἐπικατάρατος (ἐπικατάρατος, epikataratos G1944)	egyező	LXX_OS
HAMART-001	5Móz 28:16	5Móz 28:16	אָר֥וּר ('a.Rur)	ἐπικατάρατος (ἐπικατάρατος, epikataratos G1944)	egyező	LXX_OS
HAMART-001	5Móz 28:17	5Móz 28:17	אָר֥וּר ('a.Rur)	ἐπικατάρατοι (ἐπικατάρατος, epikataratos G1944)	egyező	LXX_OS
HAMART-001	5Móz 28:18	5Móz 28:18	אָר֥וּר ('a.Rur)	ἐπικατάρατα (ἐπικατάρατος, epikataratos G1944)	egyező	LXX_OS
HAMART-001	5Móz 28:19	5Móz 28:19	אָר֥וּר ('a.Rur)	ἐπικατάρατος (ἐπικατάρατος, epikataratos G1944)	egyező	LXX_OS
HAMART-001	Jer 17:5	Jer 17:5	אָר֤וּר ('a.Rur)	ἐπικατάρατος (ἐπικατάρατος, epikataratos G1944)	egyező	LXX_OS
HAMART-001	Zsolt 14:1	Zsolt(LXX) 13:1	הִֽשְׁחִ֗יתוּ (hish.Chi.tu)	διέφθειραν (διαφθείρω, diaphtheirō G1311)	egyező	LXX_OS
HAMART-001	Zsolt 53:2	Zsolt(LXX) 52:2	הִֽ֝שְׁחִ֗יתוּ (hish.Chi.tu)	διεφθάρησαν (διαφθείρω, diaphtheirō G1311)	egyező	LXX_OS
ISTENTISZT-001	1Móz 4:26	1Móz 4:26	קְרֹ֖א (k.Ro')	ἐπικαλεῖσθαι (ἐπικαλέω, epikaleō G1941)	egyező	LXX_OS
ISTENTISZT-001	1Móz 12:8	1Móz 12:8	יִּקְרָ֖א (i.yik.Ra')	ἐπεκαλέσατο (ἐπικαλέω, epikaleō G1941)	egyező	LXX_OS
ISTENTISZT-001	1Móz 13:4	1Móz 13:4	יִּקְרָ֥א (i.yik.Ra')	ἐπεκαλέσατο (ἐπικαλέω, epikaleō G1941)	egyező	LXX_OS
ISTENTISZT-001	1Móz 21:33	1Móz 21:33	יִּ֨קְרָא (i.Yik.ra'-)	ἐπεκαλέσατο (ἐπικαλέω, epikaleō G1941)	egyező	LXX_OS
ISTENTISZT-001	1Móz 26:25	1Móz 26:25	יִּקְרָא֙ (i.yik.Ra')	ἐπεκαλέσατο (ἐπικαλέω, epikaleō G1941)	egyező	LXX_OS
ISTENTISZT-001	1Kir 18:24	1Kir 18:24	אֶקְרָ֣א ('ek.Ra')	ἐπικαλέσομαι (ἐπικαλέω, epikaleō G1941)	egyező	LXX_OS
ISTENTISZT-001	1Kir 18:25	1Kir 18:25	קִרְאוּ֙ (kir.'U)	ἐπικαλέσασθε (ἐπικαλέω, epikaleō G1941)	egyező	LXX_OS
ISTENTISZT-001	1Kir 18:26	1Kir 18:26	יִּקְרְא֣וּ (i.yik.re.'U)	ἐπεκαλοῦντο (ἐπικαλέω, epikaleō G1941)	egyező	LXX_OS
ISTENTISZT-001	2Kir 5:11	2Kir 5:11	קָרָא֙ (ka.Ra')	ἐπικαλέσεται (ἐπικαλέω, epikaleō G1941)	egyező	LXX_OS
ISTENTISZT-001	Sof 3:9	Sof 3:9	קְרֹ֤א (k.Ro')	ἐπικαλεῖσθαι (ἐπικαλέω, epikaleō G1941)	egyező	LXX_OS
ISTENTISZT-001	Zak 13:9	Zak 13:9	יִקְרָ֣א (yik.Ra')	ἐπικαλέσεται (ἐπικαλέω, epikaleō G1941)	egyező	LXX_OS
ISTENTISZT-001	Zsolt 116:4	Zsolt(LXX) 114:4	אֶקְרָ֑א ('ek.Ra')	ἐπεκαλεσάμην (ἐπικαλέω, epikaleō G1941)	egyező	LXX_OS
ISTENTISZT-001	Zsolt 116:13	Zsolt(LXX) 115:4	אֶקְרָֽא ('ek.Ra')	ἐπικαλέσομαι (ἐπικαλέω, epikaleō G1941)	egyező	LXX_OS
ISTENTISZT-001	Zsolt 116:17	Zsolt(LXX) 115:8	אֶקְרָֽא ('ek.Ra')	nincs megfelelő a görögben (LXX-minusz)	LXX-minusz	adat/lxx_dontesek.tsv
ISTENTISZT-001	Jóel 2:32	Jóel(LXX) 3:5	קֹרֵֽא (ko.Re')	ἐπικαλέσηται (ἐπικαλέω, epikaleō G1941)	egyező	LXX_OS
ISTENTISZT-001	Zsolt 105:1	Zsolt(LXX) 104:1	קִרְא֣וּ (kir.'U)	ἐπικαλεῖσθε (ἐπικαλέω, epikaleō G1941)	egyező	LXX_OS
ISTENTISZT-001	1Krón 16:8	1Krón 16:8	קִרְא֣וּ (kir.'U)	ἐπικαλεῖσθε (ἐπικαλέω, epikaleō G1941)	egyező	LXX_OS
ISTENTISZT-001	Ézs 12:4	Ézs 12:4	קִרְא֣וּ (kir.'U)	βοάω (boaō G0994)	eltérő	adat/lxx_dontesek.tsv
ISTENTISZT-001	Jer 10:25	Jer 10:25	קָרָ֑אוּ (ka.Ra.'u)	ἐπεκαλέσαντο (ἐπικαλέω, epikaleō G1941)	egyező	LXX_OS
ISTENTISZT-001	Zsolt 79:6	Zsolt(LXX) 78:6	קָרָֽאוּ (ka.Ra.'u)	ἐπεκαλέσαντο (ἐπικαλέω, epikaleō G1941)	egyező	LXX_OS
ISTENTISZT-001	2Móz 33:19	2Móz 33:19	קָרָ֧אתִֽי (ka.Ra.ti)	καλέω (kaleō G2564)	eltérő	adat/lxx_dontesek.tsv
ISTENTISZT-001	2Móz 34:5	2Móz 34:5	יִּקְרָ֥א (i.yik.Ra')	καλέω (kaleō G2564)	eltérő	adat/lxx_dontesek.tsv
KIRALY-001	Zsolt 110:4	Zsolt(LXX) 109:4	כֹהֵ֥ן (kho.Hen)	τάξιν (τάξις, taxis G5010)	egyező	LXX_OS
TEREMT-001	1Móz 1:2	1Móz 1:2	תְה֑וֹם (te.Hom)	ἀβύσσου (ἄβυσσος, abussos G0012)	egyező	LXX_OS
TEREMT-001	1Móz 7:11	1Móz 7:11	תְּה֣וֹם (te.Hom)	ἀβύσσου (ἄβυσσος, abussos G0012)	egyező	LXX_OS
TEREMT-001	1Móz 8:2	1Móz 8:2	תְּה֔וֹם (te.Hom)	ἀβύσσου (ἄβυσσος, abussos G0012)	egyező	LXX_OS
TEREMT-001	5Móz 8:7	5Móz 8:7	תְהֹמֹ֔ת (te.ho.Mot)	ἀβύσσων (ἄβυσσος, abussos G0012)	egyező	LXX_OS
TEREMT-001	5Móz 33:13	5Móz 33:13	תְּה֖וֹם (te.Hom)	ἀβύσσων (ἄβυσσος, abussos G0012)	egyező	LXX_OS
TEREMT-001	Jób 28:14	Jób 28:14	תְּה֣וֹם (te.Hom)	ἄβυσσος (ἄβυσσος, abussos G0012)	egyező	LXX_OS
TEREMT-001	Zsolt 33:7	Zsolt(LXX) 32:7	תְּהוֹמֽוֹת (te.ho.Mot)	ἀβύσσους (ἄβυσσος, abussos G0012)	egyező	LXX_OS
TEREMT-001	Zsolt 36:7	Zsolt(LXX) 35:7	תְּה֣וֹם (te.Hom)	ἄβυσσος (ἄβυσσος, abussos G0012)	egyező	LXX_OS
TEREMT-001	Zsolt 42:8	Zsolt(LXX) 41:8	תְּה֣וֹם (te.Hom)	ἄβυσσος (ἄβυσσος, abussos G0012)	egyező	LXX_OS
TEREMT-001	Zsolt 71:20	Zsolt(LXX) 70:20	תְּהֹמ֥וֹת (te.ho.Mot)	ἀβύσσων (ἄβυσσος, abussos G0012)	egyező	LXX_OS
TEREMT-001	Zsolt 77:17	Zsolt(LXX) 76:17	תְהֹמֽוֹת (te.ho.Mot)	ἄβυσσοι (ἄβυσσος, abussos G0012)	egyező	LXX_OS
TEREMT-001	Zsolt 78:15	Zsolt(LXX) 77:15	תְהֹמ֥וֹת (t.ho.Mot)	ἀβύσσῳ (ἄβυσσος, abussos G0012)	egyező	LXX_OS
TEREMT-001	Zsolt 104:6	Zsolt(LXX) 103:6	תְּ֭הוֹם (Te.hom)	ἄβυσσος (ἄβυσσος, abussos G0012)	egyező	LXX_OS
TEREMT-001	Zsolt 106:9	Zsolt(LXX) 105:9	תְּהֹמ֗וֹת (te.ho.Mot)	ἀβύσσῳ (ἄβυσσος, abussos G0012)	egyező	LXX_OS
TEREMT-001	Zsolt 107:26	Zsolt(LXX) 106:26	תְהוֹמ֑וֹת (te.ho.Mot)	ἀβύσσων (ἄβυσσος, abussos G0012)	egyező	LXX_OS
TEREMT-001	Zsolt 135:6	Zsolt(LXX) 134:6	תְּהוֹמֽוֹת (te.ho.Mot)	ἀβύσσοις (ἄβυσσος, abussos G0012)	egyező	LXX_OS
TEREMT-001	Zsolt 148:7	Zsolt 148:7	תְּהֹמֽוֹת (te.ho.Mot)	ἄβυσσοι (ἄβυσσος, abussos G0012)	egyező	LXX_OS
TEREMT-001	Péld 3:20	Péld 3:20	תְּהוֹמ֣וֹת (te.ho.Mot)	ἄβυσσοι (ἄβυσσος, abussos G0012)	egyező	LXX_OS
TEREMT-001	Péld 8:24	Péld 8:24	תְּהֹמ֥וֹת (te.ho.Mot)	ἀβύσσους (ἄβυσσος, abussos G0012)	egyező	LXX_OS
TEREMT-001	Ézs 51:10	Ézs 51:10	תְּה֣וֹם (te.Hom)	ἀβύσσου (ἄβυσσος, abussos G0012)	egyező	LXX_OS
TEREMT-001	Ez 26:19	Ez 26:19	תְּה֔וֹם (te.Hom)	ἄβυσσον (ἄβυσσος, abussos G0012)	egyező	LXX_OS
TEREMT-001	Ez 31:4	Ez 31:4	תְּה֖וֹם (te.Hom)	ἄβυσσος (ἄβυσσος, abussos G0012)	egyező	LXX_OS
TEREMT-001	Ez 31:15	Ez 31:15	תְּה֔וֹם (te.Hom)	ἄβυσσος (ἄβυσσος, abussos G0012)	egyező	LXX_OS
TEREMT-001	Ámós 7:4	Ámós 7:4	תְּה֣וֹם (te.Hom)	ἄβυσσον (ἄβυσσος, abussos G0012)	egyező	LXX_OS
TEREMT-001	Hab 3:10	Hab 3:10	תְּהוֹם֙ (te.hOm)	ἄβυσσος (ἄβυσσος, abussos G0012)	egyező	LXX_OS
