lxx_igehely	most	tipus	bizonyitek
1 Samuel 21:1	1Sám 20:42	(b) fejezethatar_atlepes	nyers fejezet=21, karoli fejezet=20
Daniel (Theodotion) 4:1	Dán 3:31	(b) fejezethatar_atlepes	nyers fejezet=4, karoli fejezet=3
Daniel (Theodotion) 4:2	Dán 3:32	(b) fejezethatar_atlepes	nyers fejezet=4, karoli fejezet=3
Daniel (Theodotion) 4:3	Dán 3:33	(b) fejezethatar_atlepes	nyers fejezet=4, karoli fejezet=3
Ecclesiastes 1:18	Préd 2:1	(b) fejezethatar_atlepes	nyers fejezet=1, karoli fejezet=2
Ecclesiastes 8:16	Préd 9:1	(b) fejezethatar_atlepes	nyers fejezet=8, karoli fejezet=9
Ecclesiastes 8:17	Préd 9:2	(b) fejezethatar_atlepes	nyers fejezet=8, karoli fejezet=9
Ecclesiastes 10:1	Préd 9:21	(b) fejezethatar_atlepes	nyers fejezet=10, karoli fejezet=9
Ecclesiastes 10:2	Préd 9:22	(b) fejezethatar_atlepes	nyers fejezet=10, karoli fejezet=9
Ecclesiastes 10:3	Préd 9:23	(b) fejezethatar_atlepes	nyers fejezet=10, karoli fejezet=9
Ecclesiastes 11:9	Préd 12:1	(b) fejezethatar_atlepes	nyers fejezet=11, karoli fejezet=12
Ecclesiastes 11:10	Préd 12:2	(b) fejezethatar_atlepes	nyers fejezet=11, karoli fejezet=12
Job (LXX) 38:39	Jób 39:1	(b) fejezethatar_atlepes	nyers fejezet=38, karoli fejezet=39
Job (LXX) 38:40	Jób 39:2	(b) fejezethatar_atlepes	nyers fejezet=38, karoli fejezet=39
Job (LXX) 38:41	Jób 39:3	(b) fejezethatar_atlepes	nyers fejezet=38, karoli fejezet=39
Job (LXX) 40:1	Jób 39:34	(b) fejezethatar_atlepes	nyers fejezet=40, karoli fejezet=39
Job (LXX) 40:2	Jób 39:35	(b) fejezethatar_atlepes	nyers fejezet=40, karoli fejezet=39
Job (LXX) 40:3	Jób 39:36	(b) fejezethatar_atlepes	nyers fejezet=40, karoli fejezet=39
Job (LXX) 40:4	Jób 39:37	(b) fejezethatar_atlepes	nyers fejezet=40, karoli fejezet=39
Job (LXX) 40:5	Jób 39:38	(b) fejezethatar_atlepes	nyers fejezet=40, karoli fejezet=39
Numbers 12:16	4Móz 13:1	(b) fejezethatar_atlepes	nyers fejezet=12, karoli fejezet=13
Psalms (LXX) 11:2	Zsolt 12:2	(b) fejezethatar_atlepes	nyers fejezet=11, karoli fejezet=12
Psalms (LXX) 11:3	Zsolt 12:3	(b) fejezethatar_atlepes	nyers fejezet=11, karoli fejezet=12
Psalms (LXX) 11:4	Zsolt 12:4	(b) fejezethatar_atlepes	nyers fejezet=11, karoli fejezet=12
Psalms (LXX) 11:5	Zsolt 12:5	(b) fejezethatar_atlepes	nyers fejezet=11, karoli fejezet=12
Psalms (LXX) 11:6	Zsolt 12:6	(b) fejezethatar_atlepes	nyers fejezet=11, karoli fejezet=12
Psalms (LXX) 11:7	Zsolt 12:7	(b) fejezethatar_atlepes	nyers fejezet=11, karoli fejezet=12
Psalms (LXX) 11:8	Zsolt 12:8	(b) fejezethatar_atlepes	nyers fejezet=11, karoli fejezet=12
Psalms (LXX) 11:9	Zsolt 12:9	(b) fejezethatar_atlepes	nyers fejezet=11, karoli fejezet=12
Psalms (LXX) 17:2	Zsolt 18:2	(b) fejezethatar_atlepes	nyers fejezet=17, karoli fejezet=18
Psalms (LXX) 17:3	Zsolt 18:3	(b) fejezethatar_atlepes	nyers fejezet=17, karoli fejezet=18
Psalms (LXX) 17:4	Zsolt 18:4	(b) fejezethatar_atlepes	nyers fejezet=17, karoli fejezet=18
Psalms (LXX) 17:5	Zsolt 18:5	(b) fejezethatar_atlepes	nyers fejezet=17, karoli fejezet=18
Psalms (LXX) 17:6	Zsolt 18:6	(b) fejezethatar_atlepes	nyers fejezet=17, karoli fejezet=18
Psalms (LXX) 17:7	Zsolt 18:7	(b) fejezethatar_atlepes	nyers fejezet=17, karoli fejezet=18
Psalms (LXX) 17:8	Zsolt 18:8	(b) fejezethatar_atlepes	nyers fejezet=17, karoli fejezet=18
Psalms (LXX) 17:9	Zsolt 18:9	(b) fejezethatar_atlepes	nyers fejezet=17, karoli fejezet=18
Psalms (LXX) 17:10	Zsolt 18:10	(b) fejezethatar_atlepes	nyers fejezet=17, karoli fejezet=18
Psalms (LXX) 17:11	Zsolt 18:11	(b) fejezethatar_atlepes	nyers fejezet=17, karoli fejezet=18
Psalms (LXX) 17:12	Zsolt 18:12	(b) fejezethatar_atlepes	nyers fejezet=17, karoli fejezet=18
Psalms (LXX) 17:13	Zsolt 18:13	(b) fejezethatar_atlepes	nyers fejezet=17, karoli fejezet=18
Psalms (LXX) 17:14	Zsolt 18:14	(b) fejezethatar_atlepes	nyers fejezet=17, karoli fejezet=18
Psalms (LXX) 17:15	Zsolt 18:15	(b) fejezethatar_atlepes	nyers fejezet=17, karoli fejezet=18
Psalms (LXX) 17:16	Zsolt 18:16	(b) fejezethatar_atlepes	nyers fejezet=17, karoli fejezet=18
Psalms (LXX) 17:17	Zsolt 18:17	(b) fejezethatar_atlepes	nyers fejezet=17, karoli fejezet=18
Psalms (LXX) 17:18	Zsolt 18:18	(b) fejezethatar_atlepes	nyers fejezet=17, karoli fejezet=18
Psalms (LXX) 17:19	Zsolt 18:19	(b) fejezethatar_atlepes	nyers fejezet=17, karoli fejezet=18
Psalms (LXX) 17:20	Zsolt 18:20	(b) fejezethatar_atlepes	nyers fejezet=17, karoli fejezet=18
Psalms (LXX) 17:21	Zsolt 18:21	(b) fejezethatar_atlepes	nyers fejezet=17, karoli fejezet=18
Psalms (LXX) 17:22	Zsolt 18:22	(b) fejezethatar_atlepes	nyers fejezet=17, karoli fejezet=18
Psalms (LXX) 17:23	Zsolt 18:23	(b) fejezethatar_atlepes	nyers fejezet=17, karoli fejezet=18
Psalms (LXX) 17:24	Zsolt 18:24	(b) fejezethatar_atlepes	nyers fejezet=17, karoli fejezet=18
Psalms (LXX) 17:25	Zsolt 18:25	(b) fejezethatar_atlepes	nyers fejezet=17, karoli fejezet=18
Psalms (LXX) 17:26	Zsolt 18:26	(b) fejezethatar_atlepes	nyers fejezet=17, karoli fejezet=18
Psalms (LXX) 17:27	Zsolt 18:27	(b) fejezethatar_atlepes	nyers fejezet=17, karoli fejezet=18
Psalms (LXX) 17:28	Zsolt 18:28	(b) fejezethatar_atlepes	nyers fejezet=17, karoli fejezet=18
Psalms (LXX) 17:29	Zsolt 18:29	(b) fejezethatar_atlepes	nyers fejezet=17, karoli fejezet=18
Psalms (LXX) 17:30	Zsolt 18:30	(b) fejezethatar_atlepes	nyers fejezet=17, karoli fejezet=18
Psalms (LXX) 17:31	Zsolt 18:31	(b) fejezethatar_atlepes	nyers fejezet=17, karoli fejezet=18
Psalms (LXX) 17:32	Zsolt 18:32	(b) fejezethatar_atlepes	nyers fejezet=17, karoli fejezet=18
Psalms (LXX) 17:33	Zsolt 18:33	(b) fejezethatar_atlepes	nyers fejezet=17, karoli fejezet=18
Psalms (LXX) 17:34	Zsolt 18:34	(b) fejezethatar_atlepes	nyers fejezet=17, karoli fejezet=18
Psalms (LXX) 17:35	Zsolt 18:35	(b) fejezethatar_atlepes	nyers fejezet=17, karoli fejezet=18
Psalms (LXX) 17:36	Zsolt 18:36	(b) fejezethatar_atlepes	nyers fejezet=17, karoli fejezet=18
Psalms (LXX) 17:37	Zsolt 18:37	(b) fejezethatar_atlepes	nyers fejezet=17, karoli fejezet=18
Psalms (LXX) 17:38	Zsolt 18:38	(b) fejezethatar_atlepes	nyers fejezet=17, karoli fejezet=18
Psalms (LXX) 17:39	Zsolt 18:39	(b) fejezethatar_atlepes	nyers fejezet=17, karoli fejezet=18
Psalms (LXX) 17:40	Zsolt 18:40	(b) fejezethatar_atlepes	nyers fejezet=17, karoli fejezet=18
Psalms (LXX) 17:41	Zsolt 18:41	(b) fejezethatar_atlepes	nyers fejezet=17, karoli fejezet=18
Psalms (LXX) 17:42	Zsolt 18:42	(b) fejezethatar_atlepes	nyers fejezet=17, karoli fejezet=18
Psalms (LXX) 17:43	Zsolt 18:43	(b) fejezethatar_atlepes	nyers fejezet=17, karoli fejezet=18
Psalms (LXX) 17:44	Zsolt 18:44	(b) fejezethatar_atlepes	nyers fejezet=17, karoli fejezet=18
Psalms (LXX) 17:45	Zsolt 18:45	(b) fejezethatar_atlepes	nyers fejezet=17, karoli fejezet=18
Psalms (LXX) 17:46	Zsolt 18:46	(b) fejezethatar_atlepes	nyers fejezet=17, karoli fejezet=18
Psalms (LXX) 17:47	Zsolt 18:47	(b) fejezethatar_atlepes	nyers fejezet=17, karoli fejezet=18
Psalms (LXX) 17:48	Zsolt 18:48	(b) fejezethatar_atlepes	nyers fejezet=17, karoli fejezet=18
Psalms (LXX) 17:49	Zsolt 18:49	(b) fejezethatar_atlepes	nyers fejezet=17, karoli fejezet=18
Psalms (LXX) 17:50	Zsolt 18:50	(b) fejezethatar_atlepes	nyers fejezet=17, karoli fejezet=18
Psalms (LXX) 17:51	Zsolt 18:51	(b) fejezethatar_atlepes	nyers fejezet=17, karoli fejezet=18
Psalms (LXX) 18:2	Zsolt 19:2	(b) fejezethatar_atlepes	nyers fejezet=18, karoli fejezet=19
Psalms (LXX) 18:3	Zsolt 19:3	(b) fejezethatar_atlepes	nyers fejezet=18, karoli fejezet=19
Psalms (LXX) 18:4	Zsolt 19:4	(b) fejezethatar_atlepes	nyers fejezet=18, karoli fejezet=19
Psalms (LXX) 18:5	Zsolt 19:5	(b) fejezethatar_atlepes	nyers fejezet=18, karoli fejezet=19
Psalms (LXX) 18:6	Zsolt 19:6	(b) fejezethatar_atlepes	nyers fejezet=18, karoli fejezet=19
Psalms (LXX) 18:7	Zsolt 19:7	(b) fejezethatar_atlepes	nyers fejezet=18, karoli fejezet=19
Psalms (LXX) 18:8	Zsolt 19:8	(b) fejezethatar_atlepes	nyers fejezet=18, karoli fejezet=19
Psalms (LXX) 18:9	Zsolt 19:9	(b) fejezethatar_atlepes	nyers fejezet=18, karoli fejezet=19
Psalms (LXX) 18:10	Zsolt 19:10	(b) fejezethatar_atlepes	nyers fejezet=18, karoli fejezet=19
Psalms (LXX) 18:11	Zsolt 19:11	(b) fejezethatar_atlepes	nyers fejezet=18, karoli fejezet=19
Psalms (LXX) 18:12	Zsolt 19:12	(b) fejezethatar_atlepes	nyers fejezet=18, karoli fejezet=19
Psalms (LXX) 18:13	Zsolt 19:13	(b) fejezethatar_atlepes	nyers fejezet=18, karoli fejezet=19
Psalms (LXX) 18:14	Zsolt 19:14	(b) fejezethatar_atlepes	nyers fejezet=18, karoli fejezet=19
Psalms (LXX) 18:15	Zsolt 19:15	(b) fejezethatar_atlepes	nyers fejezet=18, karoli fejezet=19
Psalms (LXX) 19:2	Zsolt 20:2	(b) fejezethatar_atlepes	nyers fejezet=19, karoli fejezet=20
Psalms (LXX) 19:3	Zsolt 20:3	(b) fejezethatar_atlepes	nyers fejezet=19, karoli fejezet=20
Psalms (LXX) 19:4	Zsolt 20:4	(b) fejezethatar_atlepes	nyers fejezet=19, karoli fejezet=20
Psalms (LXX) 19:5	Zsolt 20:5	(b) fejezethatar_atlepes	nyers fejezet=19, karoli fejezet=20
Psalms (LXX) 19:6	Zsolt 20:6	(b) fejezethatar_atlepes	nyers fejezet=19, karoli fejezet=20
Psalms (LXX) 19:7	Zsolt 20:7	(b) fejezethatar_atlepes	nyers fejezet=19, karoli fejezet=20
Psalms (LXX) 19:8	Zsolt 20:8	(b) fejezethatar_atlepes	nyers fejezet=19, karoli fejezet=20
Psalms (LXX) 19:9	Zsolt 20:9	(b) fejezethatar_atlepes	nyers fejezet=19, karoli fejezet=20
Psalms (LXX) 19:10	Zsolt 20:10	(b) fejezethatar_atlepes	nyers fejezet=19, karoli fejezet=20
Psalms (LXX) 20:2	Zsolt 21:2	(b) fejezethatar_atlepes	nyers fejezet=20, karoli fejezet=21
Psalms (LXX) 20:3	Zsolt 21:3	(b) fejezethatar_atlepes	nyers fejezet=20, karoli fejezet=21
Psalms (LXX) 20:4	Zsolt 21:4	(b) fejezethatar_atlepes	nyers fejezet=20, karoli fejezet=21
Psalms (LXX) 20:5	Zsolt 21:5	(b) fejezethatar_atlepes	nyers fejezet=20, karoli fejezet=21
Psalms (LXX) 20:6	Zsolt 21:6	(b) fejezethatar_atlepes	nyers fejezet=20, karoli fejezet=21
Psalms (LXX) 20:7	Zsolt 21:7	(b) fejezethatar_atlepes	nyers fejezet=20, karoli fejezet=21
Psalms (LXX) 20:8	Zsolt 21:8	(b) fejezethatar_atlepes	nyers fejezet=20, karoli fejezet=21
Psalms (LXX) 20:9	Zsolt 21:9	(b) fejezethatar_atlepes	nyers fejezet=20, karoli fejezet=21
Psalms (LXX) 20:10	Zsolt 21:10	(b) fejezethatar_atlepes	nyers fejezet=20, karoli fejezet=21
Psalms (LXX) 20:11	Zsolt 21:11	(b) fejezethatar_atlepes	nyers fejezet=20, karoli fejezet=21
Psalms (LXX) 20:12	Zsolt 21:12	(b) fejezethatar_atlepes	nyers fejezet=20, karoli fejezet=21
Psalms (LXX) 20:13	Zsolt 21:13	(b) fejezethatar_atlepes	nyers fejezet=20, karoli fejezet=21
Psalms (LXX) 20:14	Zsolt 21:14	(b) fejezethatar_atlepes	nyers fejezet=20, karoli fejezet=21
Psalms (LXX) 21:2	Zsolt 22:2	(b) fejezethatar_atlepes	nyers fejezet=21, karoli fejezet=22
Psalms (LXX) 21:3	Zsolt 22:3	(b) fejezethatar_atlepes	nyers fejezet=21, karoli fejezet=22
Psalms (LXX) 21:4	Zsolt 22:4	(b) fejezethatar_atlepes	nyers fejezet=21, karoli fejezet=22
Psalms (LXX) 21:5	Zsolt 22:5	(b) fejezethatar_atlepes	nyers fejezet=21, karoli fejezet=22
Psalms (LXX) 21:6	Zsolt 22:6	(b) fejezethatar_atlepes	nyers fejezet=21, karoli fejezet=22
Psalms (LXX) 21:7	Zsolt 22:7	(b) fejezethatar_atlepes	nyers fejezet=21, karoli fejezet=22
Psalms (LXX) 21:8	Zsolt 22:8	(b) fejezethatar_atlepes	nyers fejezet=21, karoli fejezet=22
Psalms (LXX) 21:9	Zsolt 22:9	(b) fejezethatar_atlepes	nyers fejezet=21, karoli fejezet=22
Psalms (LXX) 21:10	Zsolt 22:10	(b) fejezethatar_atlepes	nyers fejezet=21, karoli fejezet=22
Psalms (LXX) 21:11	Zsolt 22:11	(b) fejezethatar_atlepes	nyers fejezet=21, karoli fejezet=22
Psalms (LXX) 21:12	Zsolt 22:12	(b) fejezethatar_atlepes	nyers fejezet=21, karoli fejezet=22
Psalms (LXX) 21:13	Zsolt 22:13	(b) fejezethatar_atlepes	nyers fejezet=21, karoli fejezet=22
Psalms (LXX) 21:14	Zsolt 22:14	(b) fejezethatar_atlepes	nyers fejezet=21, karoli fejezet=22
Psalms (LXX) 21:15	Zsolt 22:15	(b) fejezethatar_atlepes	nyers fejezet=21, karoli fejezet=22
Psalms (LXX) 21:16	Zsolt 22:16	(b) fejezethatar_atlepes	nyers fejezet=21, karoli fejezet=22
Psalms (LXX) 21:17	Zsolt 22:17	(b) fejezethatar_atlepes	nyers fejezet=21, karoli fejezet=22
Psalms (LXX) 21:18	Zsolt 22:18	(b) fejezethatar_atlepes	nyers fejezet=21, karoli fejezet=22
Psalms (LXX) 21:19	Zsolt 22:19	(b) fejezethatar_atlepes	nyers fejezet=21, karoli fejezet=22
Psalms (LXX) 21:20	Zsolt 22:20	(b) fejezethatar_atlepes	nyers fejezet=21, karoli fejezet=22
Psalms (LXX) 21:21	Zsolt 22:21	(b) fejezethatar_atlepes	nyers fejezet=21, karoli fejezet=22
Psalms (LXX) 21:22	Zsolt 22:22	(b) fejezethatar_atlepes	nyers fejezet=21, karoli fejezet=22
Psalms (LXX) 21:23	Zsolt 22:23	(b) fejezethatar_atlepes	nyers fejezet=21, karoli fejezet=22
Psalms (LXX) 21:24	Zsolt 22:24	(b) fejezethatar_atlepes	nyers fejezet=21, karoli fejezet=22
Psalms (LXX) 21:25	Zsolt 22:25	(b) fejezethatar_atlepes	nyers fejezet=21, karoli fejezet=22
Psalms (LXX) 21:26	Zsolt 22:26	(b) fejezethatar_atlepes	nyers fejezet=21, karoli fejezet=22
Psalms (LXX) 21:27	Zsolt 22:27	(b) fejezethatar_atlepes	nyers fejezet=21, karoli fejezet=22
Psalms (LXX) 21:28	Zsolt 22:28	(b) fejezethatar_atlepes	nyers fejezet=21, karoli fejezet=22
Psalms (LXX) 21:29	Zsolt 22:29	(b) fejezethatar_atlepes	nyers fejezet=21, karoli fejezet=22
Psalms (LXX) 21:30	Zsolt 22:30	(b) fejezethatar_atlepes	nyers fejezet=21, karoli fejezet=22
Psalms (LXX) 21:31	Zsolt 22:31	(b) fejezethatar_atlepes	nyers fejezet=21, karoli fejezet=22
Psalms (LXX) 21:32	Zsolt 22:32	(b) fejezethatar_atlepes	nyers fejezet=21, karoli fejezet=22
Psalms (LXX) 29:2	Zsolt 30:2	(b) fejezethatar_atlepes	nyers fejezet=29, karoli fejezet=30
Psalms (LXX) 29:3	Zsolt 30:3	(b) fejezethatar_atlepes	nyers fejezet=29, karoli fejezet=30
Psalms (LXX) 29:4	Zsolt 30:4	(b) fejezethatar_atlepes	nyers fejezet=29, karoli fejezet=30
Psalms (LXX) 29:5	Zsolt 30:5	(b) fejezethatar_atlepes	nyers fejezet=29, karoli fejezet=30
Psalms (LXX) 29:6	Zsolt 30:6	(b) fejezethatar_atlepes	nyers fejezet=29, karoli fejezet=30
Psalms (LXX) 29:7	Zsolt 30:7	(b) fejezethatar_atlepes	nyers fejezet=29, karoli fejezet=30
Psalms (LXX) 29:8	Zsolt 30:8	(b) fejezethatar_atlepes	nyers fejezet=29, karoli fejezet=30
Psalms (LXX) 29:9	Zsolt 30:9	(b) fejezethatar_atlepes	nyers fejezet=29, karoli fejezet=30
Psalms (LXX) 29:10	Zsolt 30:10	(b) fejezethatar_atlepes	nyers fejezet=29, karoli fejezet=30
Psalms (LXX) 29:11	Zsolt 30:11	(b) fejezethatar_atlepes	nyers fejezet=29, karoli fejezet=30
Psalms (LXX) 29:12	Zsolt 30:12	(b) fejezethatar_atlepes	nyers fejezet=29, karoli fejezet=30
Psalms (LXX) 29:13	Zsolt 30:13	(b) fejezethatar_atlepes	nyers fejezet=29, karoli fejezet=30
Psalms (LXX) 30:2	Zsolt 31:2	(b) fejezethatar_atlepes	nyers fejezet=30, karoli fejezet=31
Psalms (LXX) 30:3	Zsolt 31:3	(b) fejezethatar_atlepes	nyers fejezet=30, karoli fejezet=31
Psalms (LXX) 30:4	Zsolt 31:4	(b) fejezethatar_atlepes	nyers fejezet=30, karoli fejezet=31
Psalms (LXX) 30:5	Zsolt 31:5	(b) fejezethatar_atlepes	nyers fejezet=30, karoli fejezet=31
Psalms (LXX) 30:6	Zsolt 31:6	(b) fejezethatar_atlepes	nyers fejezet=30, karoli fejezet=31
Psalms (LXX) 30:7	Zsolt 31:7	(b) fejezethatar_atlepes	nyers fejezet=30, karoli fejezet=31
Psalms (LXX) 30:8	Zsolt 31:8	(b) fejezethatar_atlepes	nyers fejezet=30, karoli fejezet=31
Psalms (LXX) 30:9	Zsolt 31:9	(b) fejezethatar_atlepes	nyers fejezet=30, karoli fejezet=31
Psalms (LXX) 30:10	Zsolt 31:10	(b) fejezethatar_atlepes	nyers fejezet=30, karoli fejezet=31
Psalms (LXX) 30:11	Zsolt 31:11	(b) fejezethatar_atlepes	nyers fejezet=30, karoli fejezet=31
Psalms (LXX) 30:12	Zsolt 31:12	(b) fejezethatar_atlepes	nyers fejezet=30, karoli fejezet=31
Psalms (LXX) 30:13	Zsolt 31:13	(b) fejezethatar_atlepes	nyers fejezet=30, karoli fejezet=31
Psalms (LXX) 30:14	Zsolt 31:14	(b) fejezethatar_atlepes	nyers fejezet=30, karoli fejezet=31
Psalms (LXX) 30:15	Zsolt 31:15	(b) fejezethatar_atlepes	nyers fejezet=30, karoli fejezet=31
Psalms (LXX) 30:16	Zsolt 31:16	(b) fejezethatar_atlepes	nyers fejezet=30, karoli fejezet=31
Psalms (LXX) 30:17	Zsolt 31:17	(b) fejezethatar_atlepes	nyers fejezet=30, karoli fejezet=31
Psalms (LXX) 30:18	Zsolt 31:18	(b) fejezethatar_atlepes	nyers fejezet=30, karoli fejezet=31
Psalms (LXX) 30:19	Zsolt 31:19	(b) fejezethatar_atlepes	nyers fejezet=30, karoli fejezet=31
Psalms (LXX) 30:20	Zsolt 31:20	(b) fejezethatar_atlepes	nyers fejezet=30, karoli fejezet=31
Psalms (LXX) 30:21	Zsolt 31:21	(b) fejezethatar_atlepes	nyers fejezet=30, karoli fejezet=31
Psalms (LXX) 30:22	Zsolt 31:22	(b) fejezethatar_atlepes	nyers fejezet=30, karoli fejezet=31
Psalms (LXX) 30:23	Zsolt 31:23	(b) fejezethatar_atlepes	nyers fejezet=30, karoli fejezet=31
Psalms (LXX) 30:24	Zsolt 31:24	(b) fejezethatar_atlepes	nyers fejezet=30, karoli fejezet=31
Psalms (LXX) 30:25	Zsolt 31:25	(b) fejezethatar_atlepes	nyers fejezet=30, karoli fejezet=31
Psalms (LXX) 33:2	Zsolt 34:2	(b) fejezethatar_atlepes	nyers fejezet=33, karoli fejezet=34
Psalms (LXX) 33:3	Zsolt 34:3	(b) fejezethatar_atlepes	nyers fejezet=33, karoli fejezet=34
Psalms (LXX) 33:4	Zsolt 34:4	(b) fejezethatar_atlepes	nyers fejezet=33, karoli fejezet=34
Psalms (LXX) 33:5	Zsolt 34:5	(b) fejezethatar_atlepes	nyers fejezet=33, karoli fejezet=34
Psalms (LXX) 33:6	Zsolt 34:6	(b) fejezethatar_atlepes	nyers fejezet=33, karoli fejezet=34
Psalms (LXX) 33:7	Zsolt 34:7	(b) fejezethatar_atlepes	nyers fejezet=33, karoli fejezet=34
Psalms (LXX) 33:8	Zsolt 34:8	(b) fejezethatar_atlepes	nyers fejezet=33, karoli fejezet=34
Psalms (LXX) 33:9	Zsolt 34:9	(b) fejezethatar_atlepes	nyers fejezet=33, karoli fejezet=34
Psalms (LXX) 33:10	Zsolt 34:10	(b) fejezethatar_atlepes	nyers fejezet=33, karoli fejezet=34
Psalms (LXX) 33:11	Zsolt 34:11	(b) fejezethatar_atlepes	nyers fejezet=33, karoli fejezet=34
Psalms (LXX) 33:12	Zsolt 34:12	(b) fejezethatar_atlepes	nyers fejezet=33, karoli fejezet=34
Psalms (LXX) 33:13	Zsolt 34:13	(b) fejezethatar_atlepes	nyers fejezet=33, karoli fejezet=34
Psalms (LXX) 33:14	Zsolt 34:14	(b) fejezethatar_atlepes	nyers fejezet=33, karoli fejezet=34
Psalms (LXX) 33:15	Zsolt 34:15	(b) fejezethatar_atlepes	nyers fejezet=33, karoli fejezet=34
Psalms (LXX) 33:16	Zsolt 34:16	(b) fejezethatar_atlepes	nyers fejezet=33, karoli fejezet=34
Psalms (LXX) 33:17	Zsolt 34:17	(b) fejezethatar_atlepes	nyers fejezet=33, karoli fejezet=34
Psalms (LXX) 33:18	Zsolt 34:18	(b) fejezethatar_atlepes	nyers fejezet=33, karoli fejezet=34
Psalms (LXX) 33:19	Zsolt 34:19	(b) fejezethatar_atlepes	nyers fejezet=33, karoli fejezet=34
Psalms (LXX) 33:20	Zsolt 34:20	(b) fejezethatar_atlepes	nyers fejezet=33, karoli fejezet=34
Psalms (LXX) 33:21	Zsolt 34:21	(b) fejezethatar_atlepes	nyers fejezet=33, karoli fejezet=34
Psalms (LXX) 33:22	Zsolt 34:22	(b) fejezethatar_atlepes	nyers fejezet=33, karoli fejezet=34
Psalms (LXX) 33:23	Zsolt 34:23	(b) fejezethatar_atlepes	nyers fejezet=33, karoli fejezet=34
Psalms (LXX) 35:2	Zsolt 36:2	(b) fejezethatar_atlepes	nyers fejezet=35, karoli fejezet=36
Psalms (LXX) 35:3	Zsolt 36:3	(b) fejezethatar_atlepes	nyers fejezet=35, karoli fejezet=36
Psalms (LXX) 35:4	Zsolt 36:4	(b) fejezethatar_atlepes	nyers fejezet=35, karoli fejezet=36
Psalms (LXX) 35:5	Zsolt 36:5	(b) fejezethatar_atlepes	nyers fejezet=35, karoli fejezet=36
Psalms (LXX) 35:6	Zsolt 36:6	(b) fejezethatar_atlepes	nyers fejezet=35, karoli fejezet=36
Psalms (LXX) 35:7	Zsolt 36:7	(b) fejezethatar_atlepes	nyers fejezet=35, karoli fejezet=36
Psalms (LXX) 35:8	Zsolt 36:8	(b) fejezethatar_atlepes	nyers fejezet=35, karoli fejezet=36
Psalms (LXX) 35:9	Zsolt 36:9	(b) fejezethatar_atlepes	nyers fejezet=35, karoli fejezet=36
Psalms (LXX) 35:10	Zsolt 36:10	(b) fejezethatar_atlepes	nyers fejezet=35, karoli fejezet=36
Psalms (LXX) 35:11	Zsolt 36:11	(b) fejezethatar_atlepes	nyers fejezet=35, karoli fejezet=36
Psalms (LXX) 35:12	Zsolt 36:12	(b) fejezethatar_atlepes	nyers fejezet=35, karoli fejezet=36
Psalms (LXX) 35:13	Zsolt 36:13	(b) fejezethatar_atlepes	nyers fejezet=35, karoli fejezet=36
Psalms (LXX) 37:2	Zsolt 38:2	(b) fejezethatar_atlepes	nyers fejezet=37, karoli fejezet=38
Psalms (LXX) 37:3	Zsolt 38:3	(b) fejezethatar_atlepes	nyers fejezet=37, karoli fejezet=38
Psalms (LXX) 37:4	Zsolt 38:4	(b) fejezethatar_atlepes	nyers fejezet=37, karoli fejezet=38
Psalms (LXX) 37:5	Zsolt 38:5	(b) fejezethatar_atlepes	nyers fejezet=37, karoli fejezet=38
Psalms (LXX) 37:6	Zsolt 38:6	(b) fejezethatar_atlepes	nyers fejezet=37, karoli fejezet=38
Psalms (LXX) 37:7	Zsolt 38:7	(b) fejezethatar_atlepes	nyers fejezet=37, karoli fejezet=38
Psalms (LXX) 37:8	Zsolt 38:8	(b) fejezethatar_atlepes	nyers fejezet=37, karoli fejezet=38
Psalms (LXX) 37:9	Zsolt 38:9	(b) fejezethatar_atlepes	nyers fejezet=37, karoli fejezet=38
Psalms (LXX) 37:10	Zsolt 38:10	(b) fejezethatar_atlepes	nyers fejezet=37, karoli fejezet=38
Psalms (LXX) 37:11	Zsolt 38:11	(b) fejezethatar_atlepes	nyers fejezet=37, karoli fejezet=38
Psalms (LXX) 37:12	Zsolt 38:12	(b) fejezethatar_atlepes	nyers fejezet=37, karoli fejezet=38
Psalms (LXX) 37:13	Zsolt 38:13	(b) fejezethatar_atlepes	nyers fejezet=37, karoli fejezet=38
Psalms (LXX) 37:14	Zsolt 38:14	(b) fejezethatar_atlepes	nyers fejezet=37, karoli fejezet=38
Psalms (LXX) 37:15	Zsolt 38:15	(b) fejezethatar_atlepes	nyers fejezet=37, karoli fejezet=38
Psalms (LXX) 37:16	Zsolt 38:16	(b) fejezethatar_atlepes	nyers fejezet=37, karoli fejezet=38
Psalms (LXX) 37:17	Zsolt 38:17	(b) fejezethatar_atlepes	nyers fejezet=37, karoli fejezet=38
Psalms (LXX) 37:18	Zsolt 38:18	(b) fejezethatar_atlepes	nyers fejezet=37, karoli fejezet=38
Psalms (LXX) 37:19	Zsolt 38:19	(b) fejezethatar_atlepes	nyers fejezet=37, karoli fejezet=38
Psalms (LXX) 37:20	Zsolt 38:20	(b) fejezethatar_atlepes	nyers fejezet=37, karoli fejezet=38
Psalms (LXX) 37:21	Zsolt 38:21	(b) fejezethatar_atlepes	nyers fejezet=37, karoli fejezet=38
Psalms (LXX) 37:22	Zsolt 38:22	(b) fejezethatar_atlepes	nyers fejezet=37, karoli fejezet=38
Psalms (LXX) 37:23	Zsolt 38:23	(b) fejezethatar_atlepes	nyers fejezet=37, karoli fejezet=38
Psalms (LXX) 38:2	Zsolt 39:2	(b) fejezethatar_atlepes	nyers fejezet=38, karoli fejezet=39
Psalms (LXX) 38:3	Zsolt 39:3	(b) fejezethatar_atlepes	nyers fejezet=38, karoli fejezet=39
Psalms (LXX) 38:4	Zsolt 39:4	(b) fejezethatar_atlepes	nyers fejezet=38, karoli fejezet=39
Psalms (LXX) 38:5	Zsolt 39:5	(b) fejezethatar_atlepes	nyers fejezet=38, karoli fejezet=39
Psalms (LXX) 38:6	Zsolt 39:6	(b) fejezethatar_atlepes	nyers fejezet=38, karoli fejezet=39
Psalms (LXX) 38:7	Zsolt 39:7	(b) fejezethatar_atlepes	nyers fejezet=38, karoli fejezet=39
Psalms (LXX) 38:8	Zsolt 39:8	(b) fejezethatar_atlepes	nyers fejezet=38, karoli fejezet=39
Psalms (LXX) 38:9	Zsolt 39:9	(b) fejezethatar_atlepes	nyers fejezet=38, karoli fejezet=39
Psalms (LXX) 38:10	Zsolt 39:10	(b) fejezethatar_atlepes	nyers fejezet=38, karoli fejezet=39
Psalms (LXX) 38:11	Zsolt 39:11	(b) fejezethatar_atlepes	nyers fejezet=38, karoli fejezet=39
Psalms (LXX) 38:12	Zsolt 39:12	(b) fejezethatar_atlepes	nyers fejezet=38, karoli fejezet=39
Psalms (LXX) 38:13	Zsolt 39:13	(b) fejezethatar_atlepes	nyers fejezet=38, karoli fejezet=39
Psalms (LXX) 38:14	Zsolt 39:14	(b) fejezethatar_atlepes	nyers fejezet=38, karoli fejezet=39
Psalms (LXX) 39:2	Zsolt 40:2	(b) fejezethatar_atlepes	nyers fejezet=39, karoli fejezet=40
Psalms (LXX) 39:3	Zsolt 40:3	(b) fejezethatar_atlepes	nyers fejezet=39, karoli fejezet=40
Psalms (LXX) 39:4	Zsolt 40:4	(b) fejezethatar_atlepes	nyers fejezet=39, karoli fejezet=40
Psalms (LXX) 39:5	Zsolt 40:5	(b) fejezethatar_atlepes	nyers fejezet=39, karoli fejezet=40
Psalms (LXX) 39:6	Zsolt 40:6	(b) fejezethatar_atlepes	nyers fejezet=39, karoli fejezet=40
Psalms (LXX) 39:7	Zsolt 40:7	(b) fejezethatar_atlepes	nyers fejezet=39, karoli fejezet=40
Psalms (LXX) 39:8	Zsolt 40:8	(b) fejezethatar_atlepes	nyers fejezet=39, karoli fejezet=40
Psalms (LXX) 39:9	Zsolt 40:9	(b) fejezethatar_atlepes	nyers fejezet=39, karoli fejezet=40
Psalms (LXX) 39:10	Zsolt 40:10	(b) fejezethatar_atlepes	nyers fejezet=39, karoli fejezet=40
Psalms (LXX) 39:11	Zsolt 40:11	(b) fejezethatar_atlepes	nyers fejezet=39, karoli fejezet=40
Psalms (LXX) 39:12	Zsolt 40:12	(b) fejezethatar_atlepes	nyers fejezet=39, karoli fejezet=40
Psalms (LXX) 39:13	Zsolt 40:13	(b) fejezethatar_atlepes	nyers fejezet=39, karoli fejezet=40
Psalms (LXX) 39:14	Zsolt 40:14	(b) fejezethatar_atlepes	nyers fejezet=39, karoli fejezet=40
Psalms (LXX) 39:15	Zsolt 40:15	(b) fejezethatar_atlepes	nyers fejezet=39, karoli fejezet=40
Psalms (LXX) 39:16	Zsolt 40:16	(b) fejezethatar_atlepes	nyers fejezet=39, karoli fejezet=40
Psalms (LXX) 39:17	Zsolt 40:17	(b) fejezethatar_atlepes	nyers fejezet=39, karoli fejezet=40
Psalms (LXX) 39:18	Zsolt 40:18	(b) fejezethatar_atlepes	nyers fejezet=39, karoli fejezet=40
Psalms (LXX) 40:2	Zsolt 41:2	(b) fejezethatar_atlepes	nyers fejezet=40, karoli fejezet=41
Psalms (LXX) 40:3	Zsolt 41:3	(b) fejezethatar_atlepes	nyers fejezet=40, karoli fejezet=41
Psalms (LXX) 40:4	Zsolt 41:4	(b) fejezethatar_atlepes	nyers fejezet=40, karoli fejezet=41
Psalms (LXX) 40:5	Zsolt 41:5	(b) fejezethatar_atlepes	nyers fejezet=40, karoli fejezet=41
Psalms (LXX) 40:6	Zsolt 41:6	(b) fejezethatar_atlepes	nyers fejezet=40, karoli fejezet=41
Psalms (LXX) 40:7	Zsolt 41:7	(b) fejezethatar_atlepes	nyers fejezet=40, karoli fejezet=41
Psalms (LXX) 40:8	Zsolt 41:8	(b) fejezethatar_atlepes	nyers fejezet=40, karoli fejezet=41
Psalms (LXX) 40:9	Zsolt 41:9	(b) fejezethatar_atlepes	nyers fejezet=40, karoli fejezet=41
Psalms (LXX) 40:10	Zsolt 41:10	(b) fejezethatar_atlepes	nyers fejezet=40, karoli fejezet=41
Psalms (LXX) 40:11	Zsolt 41:11	(b) fejezethatar_atlepes	nyers fejezet=40, karoli fejezet=41
Psalms (LXX) 40:12	Zsolt 41:12	(b) fejezethatar_atlepes	nyers fejezet=40, karoli fejezet=41
Psalms (LXX) 40:13	Zsolt 41:13	(b) fejezethatar_atlepes	nyers fejezet=40, karoli fejezet=41
Psalms (LXX) 40:14	Zsolt 41:14	(b) fejezethatar_atlepes	nyers fejezet=40, karoli fejezet=41
Psalms (LXX) 41:2	Zsolt 42:2	(b) fejezethatar_atlepes	nyers fejezet=41, karoli fejezet=42
Psalms (LXX) 41:3	Zsolt 42:3	(b) fejezethatar_atlepes	nyers fejezet=41, karoli fejezet=42
Psalms (LXX) 41:4	Zsolt 42:4	(b) fejezethatar_atlepes	nyers fejezet=41, karoli fejezet=42
Psalms (LXX) 41:5	Zsolt 42:5	(b) fejezethatar_atlepes	nyers fejezet=41, karoli fejezet=42
Psalms (LXX) 41:6	Zsolt 42:6	(b) fejezethatar_atlepes	nyers fejezet=41, karoli fejezet=42
Psalms (LXX) 41:7	Zsolt 42:7	(b) fejezethatar_atlepes	nyers fejezet=41, karoli fejezet=42
Psalms (LXX) 41:8	Zsolt 42:8	(b) fejezethatar_atlepes	nyers fejezet=41, karoli fejezet=42
Psalms (LXX) 41:9	Zsolt 42:9	(b) fejezethatar_atlepes	nyers fejezet=41, karoli fejezet=42
Psalms (LXX) 41:10	Zsolt 42:10	(b) fejezethatar_atlepes	nyers fejezet=41, karoli fejezet=42
Psalms (LXX) 41:11	Zsolt 42:11	(b) fejezethatar_atlepes	nyers fejezet=41, karoli fejezet=42
Psalms (LXX) 41:12	Zsolt 42:12	(b) fejezethatar_atlepes	nyers fejezet=41, karoli fejezet=42
Psalms (LXX) 43:2	Zsolt 44:2	(b) fejezethatar_atlepes	nyers fejezet=43, karoli fejezet=44
Psalms (LXX) 43:3	Zsolt 44:3	(b) fejezethatar_atlepes	nyers fejezet=43, karoli fejezet=44
Psalms (LXX) 43:4	Zsolt 44:4	(b) fejezethatar_atlepes	nyers fejezet=43, karoli fejezet=44
Psalms (LXX) 43:5	Zsolt 44:5	(b) fejezethatar_atlepes	nyers fejezet=43, karoli fejezet=44
Psalms (LXX) 43:6	Zsolt 44:6	(b) fejezethatar_atlepes	nyers fejezet=43, karoli fejezet=44
Psalms (LXX) 43:7	Zsolt 44:7	(b) fejezethatar_atlepes	nyers fejezet=43, karoli fejezet=44
Psalms (LXX) 43:8	Zsolt 44:8	(b) fejezethatar_atlepes	nyers fejezet=43, karoli fejezet=44
Psalms (LXX) 43:9	Zsolt 44:9	(b) fejezethatar_atlepes	nyers fejezet=43, karoli fejezet=44
Psalms (LXX) 43:10	Zsolt 44:10	(b) fejezethatar_atlepes	nyers fejezet=43, karoli fejezet=44
Psalms (LXX) 43:11	Zsolt 44:11	(b) fejezethatar_atlepes	nyers fejezet=43, karoli fejezet=44
Psalms (LXX) 43:12	Zsolt 44:12	(b) fejezethatar_atlepes	nyers fejezet=43, karoli fejezet=44
Psalms (LXX) 43:13	Zsolt 44:13	(b) fejezethatar_atlepes	nyers fejezet=43, karoli fejezet=44
Psalms (LXX) 43:14	Zsolt 44:14	(b) fejezethatar_atlepes	nyers fejezet=43, karoli fejezet=44
Psalms (LXX) 43:15	Zsolt 44:15	(b) fejezethatar_atlepes	nyers fejezet=43, karoli fejezet=44
Psalms (LXX) 43:16	Zsolt 44:16	(b) fejezethatar_atlepes	nyers fejezet=43, karoli fejezet=44
Psalms (LXX) 43:17	Zsolt 44:17	(b) fejezethatar_atlepes	nyers fejezet=43, karoli fejezet=44
Psalms (LXX) 43:18	Zsolt 44:18	(b) fejezethatar_atlepes	nyers fejezet=43, karoli fejezet=44
Psalms (LXX) 43:19	Zsolt 44:19	(b) fejezethatar_atlepes	nyers fejezet=43, karoli fejezet=44
Psalms (LXX) 43:20	Zsolt 44:20	(b) fejezethatar_atlepes	nyers fejezet=43, karoli fejezet=44
Psalms (LXX) 43:21	Zsolt 44:21	(b) fejezethatar_atlepes	nyers fejezet=43, karoli fejezet=44
Psalms (LXX) 43:22	Zsolt 44:22	(b) fejezethatar_atlepes	nyers fejezet=43, karoli fejezet=44
Psalms (LXX) 43:23	Zsolt 44:23	(b) fejezethatar_atlepes	nyers fejezet=43, karoli fejezet=44
Psalms (LXX) 43:24	Zsolt 44:24	(b) fejezethatar_atlepes	nyers fejezet=43, karoli fejezet=44
Psalms (LXX) 43:25	Zsolt 44:25	(b) fejezethatar_atlepes	nyers fejezet=43, karoli fejezet=44
Psalms (LXX) 43:26	Zsolt 44:26	(b) fejezethatar_atlepes	nyers fejezet=43, karoli fejezet=44
Psalms (LXX) 43:27	Zsolt 44:27	(b) fejezethatar_atlepes	nyers fejezet=43, karoli fejezet=44
Psalms (LXX) 44:2	Zsolt 45:2	(b) fejezethatar_atlepes	nyers fejezet=44, karoli fejezet=45
Psalms (LXX) 44:3	Zsolt 45:3	(b) fejezethatar_atlepes	nyers fejezet=44, karoli fejezet=45
Psalms (LXX) 44:4	Zsolt 45:4	(b) fejezethatar_atlepes	nyers fejezet=44, karoli fejezet=45
Psalms (LXX) 44:5	Zsolt 45:5	(b) fejezethatar_atlepes	nyers fejezet=44, karoli fejezet=45
Psalms (LXX) 44:6	Zsolt 45:6	(b) fejezethatar_atlepes	nyers fejezet=44, karoli fejezet=45
Psalms (LXX) 44:7	Zsolt 45:7	(b) fejezethatar_atlepes	nyers fejezet=44, karoli fejezet=45
Psalms (LXX) 44:8	Zsolt 45:8	(b) fejezethatar_atlepes	nyers fejezet=44, karoli fejezet=45
Psalms (LXX) 44:9	Zsolt 45:9	(b) fejezethatar_atlepes	nyers fejezet=44, karoli fejezet=45
Psalms (LXX) 44:10	Zsolt 45:10	(b) fejezethatar_atlepes	nyers fejezet=44, karoli fejezet=45
Psalms (LXX) 44:11	Zsolt 45:11	(b) fejezethatar_atlepes	nyers fejezet=44, karoli fejezet=45
Psalms (LXX) 44:12	Zsolt 45:12	(b) fejezethatar_atlepes	nyers fejezet=44, karoli fejezet=45
Psalms (LXX) 44:13	Zsolt 45:13	(b) fejezethatar_atlepes	nyers fejezet=44, karoli fejezet=45
Psalms (LXX) 44:14	Zsolt 45:14	(b) fejezethatar_atlepes	nyers fejezet=44, karoli fejezet=45
Psalms (LXX) 44:15	Zsolt 45:15	(b) fejezethatar_atlepes	nyers fejezet=44, karoli fejezet=45
Psalms (LXX) 44:16	Zsolt 45:16	(b) fejezethatar_atlepes	nyers fejezet=44, karoli fejezet=45
Psalms (LXX) 44:17	Zsolt 45:17	(b) fejezethatar_atlepes	nyers fejezet=44, karoli fejezet=45
Psalms (LXX) 44:18	Zsolt 45:18	(b) fejezethatar_atlepes	nyers fejezet=44, karoli fejezet=45
Psalms (LXX) 45:2	Zsolt 46:2	(b) fejezethatar_atlepes	nyers fejezet=45, karoli fejezet=46
Psalms (LXX) 45:3	Zsolt 46:3	(b) fejezethatar_atlepes	nyers fejezet=45, karoli fejezet=46
Psalms (LXX) 45:4	Zsolt 46:4	(b) fejezethatar_atlepes	nyers fejezet=45, karoli fejezet=46
Psalms (LXX) 45:5	Zsolt 46:5	(b) fejezethatar_atlepes	nyers fejezet=45, karoli fejezet=46
Psalms (LXX) 45:6	Zsolt 46:6	(b) fejezethatar_atlepes	nyers fejezet=45, karoli fejezet=46
Psalms (LXX) 45:7	Zsolt 46:7	(b) fejezethatar_atlepes	nyers fejezet=45, karoli fejezet=46
Psalms (LXX) 45:8	Zsolt 46:8	(b) fejezethatar_atlepes	nyers fejezet=45, karoli fejezet=46
Psalms (LXX) 45:9	Zsolt 46:9	(b) fejezethatar_atlepes	nyers fejezet=45, karoli fejezet=46
Psalms (LXX) 45:10	Zsolt 46:10	(b) fejezethatar_atlepes	nyers fejezet=45, karoli fejezet=46
Psalms (LXX) 45:11	Zsolt 46:11	(b) fejezethatar_atlepes	nyers fejezet=45, karoli fejezet=46
Psalms (LXX) 45:12	Zsolt 46:12	(b) fejezethatar_atlepes	nyers fejezet=45, karoli fejezet=46
Psalms (LXX) 46:2	Zsolt 47:2	(b) fejezethatar_atlepes	nyers fejezet=46, karoli fejezet=47
Psalms (LXX) 46:3	Zsolt 47:3	(b) fejezethatar_atlepes	nyers fejezet=46, karoli fejezet=47
Psalms (LXX) 46:4	Zsolt 47:4	(b) fejezethatar_atlepes	nyers fejezet=46, karoli fejezet=47
Psalms (LXX) 46:5	Zsolt 47:5	(b) fejezethatar_atlepes	nyers fejezet=46, karoli fejezet=47
Psalms (LXX) 46:6	Zsolt 47:6	(b) fejezethatar_atlepes	nyers fejezet=46, karoli fejezet=47
Psalms (LXX) 46:7	Zsolt 47:7	(b) fejezethatar_atlepes	nyers fejezet=46, karoli fejezet=47
Psalms (LXX) 46:8	Zsolt 47:8	(b) fejezethatar_atlepes	nyers fejezet=46, karoli fejezet=47
Psalms (LXX) 46:9	Zsolt 47:9	(b) fejezethatar_atlepes	nyers fejezet=46, karoli fejezet=47
Psalms (LXX) 46:10	Zsolt 47:10	(b) fejezethatar_atlepes	nyers fejezet=46, karoli fejezet=47
Psalms (LXX) 47:2	Zsolt 48:2	(b) fejezethatar_atlepes	nyers fejezet=47, karoli fejezet=48
Psalms (LXX) 47:3	Zsolt 48:3	(b) fejezethatar_atlepes	nyers fejezet=47, karoli fejezet=48
Psalms (LXX) 47:4	Zsolt 48:4	(b) fejezethatar_atlepes	nyers fejezet=47, karoli fejezet=48
Psalms (LXX) 47:5	Zsolt 48:5	(b) fejezethatar_atlepes	nyers fejezet=47, karoli fejezet=48
Psalms (LXX) 47:6	Zsolt 48:6	(b) fejezethatar_atlepes	nyers fejezet=47, karoli fejezet=48
Psalms (LXX) 47:7	Zsolt 48:7	(b) fejezethatar_atlepes	nyers fejezet=47, karoli fejezet=48
Psalms (LXX) 47:8	Zsolt 48:8	(b) fejezethatar_atlepes	nyers fejezet=47, karoli fejezet=48
Psalms (LXX) 47:9	Zsolt 48:9	(b) fejezethatar_atlepes	nyers fejezet=47, karoli fejezet=48
Psalms (LXX) 47:10	Zsolt 48:10	(b) fejezethatar_atlepes	nyers fejezet=47, karoli fejezet=48
Psalms (LXX) 47:11	Zsolt 48:11	(b) fejezethatar_atlepes	nyers fejezet=47, karoli fejezet=48
Psalms (LXX) 47:12	Zsolt 48:12	(b) fejezethatar_atlepes	nyers fejezet=47, karoli fejezet=48
Psalms (LXX) 47:13	Zsolt 48:13	(b) fejezethatar_atlepes	nyers fejezet=47, karoli fejezet=48
Psalms (LXX) 47:14	Zsolt 48:14	(b) fejezethatar_atlepes	nyers fejezet=47, karoli fejezet=48
Psalms (LXX) 47:15	Zsolt 48:15	(b) fejezethatar_atlepes	nyers fejezet=47, karoli fejezet=48
Psalms (LXX) 48:2	Zsolt 49:2	(b) fejezethatar_atlepes	nyers fejezet=48, karoli fejezet=49
Psalms (LXX) 48:3	Zsolt 49:3	(b) fejezethatar_atlepes	nyers fejezet=48, karoli fejezet=49
Psalms (LXX) 48:4	Zsolt 49:4	(b) fejezethatar_atlepes	nyers fejezet=48, karoli fejezet=49
Psalms (LXX) 48:5	Zsolt 49:5	(b) fejezethatar_atlepes	nyers fejezet=48, karoli fejezet=49
Psalms (LXX) 48:6	Zsolt 49:6	(b) fejezethatar_atlepes	nyers fejezet=48, karoli fejezet=49
Psalms (LXX) 48:7	Zsolt 49:7	(b) fejezethatar_atlepes	nyers fejezet=48, karoli fejezet=49
Psalms (LXX) 48:8	Zsolt 49:8	(b) fejezethatar_atlepes	nyers fejezet=48, karoli fejezet=49
Psalms (LXX) 48:9	Zsolt 49:9	(b) fejezethatar_atlepes	nyers fejezet=48, karoli fejezet=49
Psalms (LXX) 48:10	Zsolt 49:10	(b) fejezethatar_atlepes	nyers fejezet=48, karoli fejezet=49
Psalms (LXX) 48:11	Zsolt 49:11	(b) fejezethatar_atlepes	nyers fejezet=48, karoli fejezet=49
Psalms (LXX) 48:12	Zsolt 49:12	(b) fejezethatar_atlepes	nyers fejezet=48, karoli fejezet=49
Psalms (LXX) 48:13	Zsolt 49:13	(b) fejezethatar_atlepes	nyers fejezet=48, karoli fejezet=49
Psalms (LXX) 48:14	Zsolt 49:14	(b) fejezethatar_atlepes	nyers fejezet=48, karoli fejezet=49
Psalms (LXX) 48:15	Zsolt 49:15	(b) fejezethatar_atlepes	nyers fejezet=48, karoli fejezet=49
Psalms (LXX) 48:16	Zsolt 49:16	(b) fejezethatar_atlepes	nyers fejezet=48, karoli fejezet=49
Psalms (LXX) 48:17	Zsolt 49:17	(b) fejezethatar_atlepes	nyers fejezet=48, karoli fejezet=49
Psalms (LXX) 48:18	Zsolt 49:18	(b) fejezethatar_atlepes	nyers fejezet=48, karoli fejezet=49
Psalms (LXX) 48:19	Zsolt 49:19	(b) fejezethatar_atlepes	nyers fejezet=48, karoli fejezet=49
Psalms (LXX) 48:20	Zsolt 49:20	(b) fejezethatar_atlepes	nyers fejezet=48, karoli fejezet=49
Psalms (LXX) 48:21	Zsolt 49:21	(b) fejezethatar_atlepes	nyers fejezet=48, karoli fejezet=49
Psalms (LXX) 50:3	Zsolt 51:3	(b) fejezethatar_atlepes	nyers fejezet=50, karoli fejezet=51
Psalms (LXX) 50:4	Zsolt 51:4	(b) fejezethatar_atlepes	nyers fejezet=50, karoli fejezet=51
Psalms (LXX) 50:5	Zsolt 51:5	(b) fejezethatar_atlepes	nyers fejezet=50, karoli fejezet=51
Psalms (LXX) 50:6	Zsolt 51:6	(b) fejezethatar_atlepes	nyers fejezet=50, karoli fejezet=51
Psalms (LXX) 50:7	Zsolt 51:7	(b) fejezethatar_atlepes	nyers fejezet=50, karoli fejezet=51
Psalms (LXX) 50:8	Zsolt 51:8	(b) fejezethatar_atlepes	nyers fejezet=50, karoli fejezet=51
Psalms (LXX) 50:9	Zsolt 51:9	(b) fejezethatar_atlepes	nyers fejezet=50, karoli fejezet=51
Psalms (LXX) 50:10	Zsolt 51:10	(b) fejezethatar_atlepes	nyers fejezet=50, karoli fejezet=51
Psalms (LXX) 50:11	Zsolt 51:11	(b) fejezethatar_atlepes	nyers fejezet=50, karoli fejezet=51
Psalms (LXX) 50:12	Zsolt 51:12	(b) fejezethatar_atlepes	nyers fejezet=50, karoli fejezet=51
Psalms (LXX) 50:13	Zsolt 51:13	(b) fejezethatar_atlepes	nyers fejezet=50, karoli fejezet=51
Psalms (LXX) 50:14	Zsolt 51:14	(b) fejezethatar_atlepes	nyers fejezet=50, karoli fejezet=51
Psalms (LXX) 50:15	Zsolt 51:15	(b) fejezethatar_atlepes	nyers fejezet=50, karoli fejezet=51
Psalms (LXX) 50:16	Zsolt 51:16	(b) fejezethatar_atlepes	nyers fejezet=50, karoli fejezet=51
Psalms (LXX) 50:17	Zsolt 51:17	(b) fejezethatar_atlepes	nyers fejezet=50, karoli fejezet=51
Psalms (LXX) 50:18	Zsolt 51:18	(b) fejezethatar_atlepes	nyers fejezet=50, karoli fejezet=51
Psalms (LXX) 50:19	Zsolt 51:19	(b) fejezethatar_atlepes	nyers fejezet=50, karoli fejezet=51
Psalms (LXX) 50:20	Zsolt 51:20	(b) fejezethatar_atlepes	nyers fejezet=50, karoli fejezet=51
Psalms (LXX) 50:21	Zsolt 51:21	(b) fejezethatar_atlepes	nyers fejezet=50, karoli fejezet=51
Psalms (LXX) 51:3	Zsolt 52:3	(b) fejezethatar_atlepes	nyers fejezet=51, karoli fejezet=52
Psalms (LXX) 51:4	Zsolt 52:4	(b) fejezethatar_atlepes	nyers fejezet=51, karoli fejezet=52
Psalms (LXX) 51:5	Zsolt 52:5	(b) fejezethatar_atlepes	nyers fejezet=51, karoli fejezet=52
Psalms (LXX) 51:6	Zsolt 52:6	(b) fejezethatar_atlepes	nyers fejezet=51, karoli fejezet=52
Psalms (LXX) 51:7	Zsolt 52:7	(b) fejezethatar_atlepes	nyers fejezet=51, karoli fejezet=52
Psalms (LXX) 51:8	Zsolt 52:8	(b) fejezethatar_atlepes	nyers fejezet=51, karoli fejezet=52
Psalms (LXX) 51:9	Zsolt 52:9	(b) fejezethatar_atlepes	nyers fejezet=51, karoli fejezet=52
Psalms (LXX) 51:10	Zsolt 52:10	(b) fejezethatar_atlepes	nyers fejezet=51, karoli fejezet=52
Psalms (LXX) 51:11	Zsolt 52:11	(b) fejezethatar_atlepes	nyers fejezet=51, karoli fejezet=52
Psalms (LXX) 52:2	Zsolt 53:2	(b) fejezethatar_atlepes	nyers fejezet=52, karoli fejezet=53
Psalms (LXX) 52:3	Zsolt 53:3	(b) fejezethatar_atlepes	nyers fejezet=52, karoli fejezet=53
Psalms (LXX) 52:4	Zsolt 53:4	(b) fejezethatar_atlepes	nyers fejezet=52, karoli fejezet=53
Psalms (LXX) 52:5	Zsolt 53:5	(b) fejezethatar_atlepes	nyers fejezet=52, karoli fejezet=53
Psalms (LXX) 52:6	Zsolt 53:6	(b) fejezethatar_atlepes	nyers fejezet=52, karoli fejezet=53
Psalms (LXX) 52:7	Zsolt 53:7	(b) fejezethatar_atlepes	nyers fejezet=52, karoli fejezet=53
Psalms (LXX) 53:3	Zsolt 54:3	(b) fejezethatar_atlepes	nyers fejezet=53, karoli fejezet=54
Psalms (LXX) 53:4	Zsolt 54:4	(b) fejezethatar_atlepes	nyers fejezet=53, karoli fejezet=54
Psalms (LXX) 53:5	Zsolt 54:5	(b) fejezethatar_atlepes	nyers fejezet=53, karoli fejezet=54
Psalms (LXX) 53:6	Zsolt 54:6	(b) fejezethatar_atlepes	nyers fejezet=53, karoli fejezet=54
Psalms (LXX) 53:7	Zsolt 54:7	(b) fejezethatar_atlepes	nyers fejezet=53, karoli fejezet=54
Psalms (LXX) 53:8	Zsolt 54:8	(b) fejezethatar_atlepes	nyers fejezet=53, karoli fejezet=54
Psalms (LXX) 53:9	Zsolt 54:9	(b) fejezethatar_atlepes	nyers fejezet=53, karoli fejezet=54
Psalms (LXX) 54:2	Zsolt 55:2	(b) fejezethatar_atlepes	nyers fejezet=54, karoli fejezet=55
Psalms (LXX) 54:3	Zsolt 55:3	(b) fejezethatar_atlepes	nyers fejezet=54, karoli fejezet=55
Psalms (LXX) 54:4	Zsolt 55:4	(b) fejezethatar_atlepes	nyers fejezet=54, karoli fejezet=55
Psalms (LXX) 54:5	Zsolt 55:5	(b) fejezethatar_atlepes	nyers fejezet=54, karoli fejezet=55
Psalms (LXX) 54:6	Zsolt 55:6	(b) fejezethatar_atlepes	nyers fejezet=54, karoli fejezet=55
Psalms (LXX) 54:7	Zsolt 55:7	(b) fejezethatar_atlepes	nyers fejezet=54, karoli fejezet=55
Psalms (LXX) 54:8	Zsolt 55:8	(b) fejezethatar_atlepes	nyers fejezet=54, karoli fejezet=55
Psalms (LXX) 54:9	Zsolt 55:9	(b) fejezethatar_atlepes	nyers fejezet=54, karoli fejezet=55
Psalms (LXX) 54:10	Zsolt 55:10	(b) fejezethatar_atlepes	nyers fejezet=54, karoli fejezet=55
Psalms (LXX) 54:11	Zsolt 55:11	(b) fejezethatar_atlepes	nyers fejezet=54, karoli fejezet=55
Psalms (LXX) 54:12	Zsolt 55:12	(b) fejezethatar_atlepes	nyers fejezet=54, karoli fejezet=55
Psalms (LXX) 54:13	Zsolt 55:13	(b) fejezethatar_atlepes	nyers fejezet=54, karoli fejezet=55
Psalms (LXX) 54:14	Zsolt 55:14	(b) fejezethatar_atlepes	nyers fejezet=54, karoli fejezet=55
Psalms (LXX) 54:15	Zsolt 55:15	(b) fejezethatar_atlepes	nyers fejezet=54, karoli fejezet=55
Psalms (LXX) 54:16	Zsolt 55:16	(b) fejezethatar_atlepes	nyers fejezet=54, karoli fejezet=55
Psalms (LXX) 54:17	Zsolt 55:17	(b) fejezethatar_atlepes	nyers fejezet=54, karoli fejezet=55
Psalms (LXX) 54:18	Zsolt 55:18	(b) fejezethatar_atlepes	nyers fejezet=54, karoli fejezet=55
Psalms (LXX) 54:19	Zsolt 55:19	(b) fejezethatar_atlepes	nyers fejezet=54, karoli fejezet=55
Psalms (LXX) 54:20	Zsolt 55:20	(b) fejezethatar_atlepes	nyers fejezet=54, karoli fejezet=55
Psalms (LXX) 54:21	Zsolt 55:21	(b) fejezethatar_atlepes	nyers fejezet=54, karoli fejezet=55
Psalms (LXX) 54:22	Zsolt 55:22	(b) fejezethatar_atlepes	nyers fejezet=54, karoli fejezet=55
Psalms (LXX) 54:23	Zsolt 55:23	(b) fejezethatar_atlepes	nyers fejezet=54, karoli fejezet=55
Psalms (LXX) 54:24	Zsolt 55:24	(b) fejezethatar_atlepes	nyers fejezet=54, karoli fejezet=55
Psalms (LXX) 55:2	Zsolt 56:2	(b) fejezethatar_atlepes	nyers fejezet=55, karoli fejezet=56
Psalms (LXX) 55:3	Zsolt 56:3	(b) fejezethatar_atlepes	nyers fejezet=55, karoli fejezet=56
Psalms (LXX) 55:4	Zsolt 56:4	(b) fejezethatar_atlepes	nyers fejezet=55, karoli fejezet=56
Psalms (LXX) 55:5	Zsolt 56:5	(b) fejezethatar_atlepes	nyers fejezet=55, karoli fejezet=56
Psalms (LXX) 55:6	Zsolt 56:6	(b) fejezethatar_atlepes	nyers fejezet=55, karoli fejezet=56
Psalms (LXX) 55:7	Zsolt 56:7	(b) fejezethatar_atlepes	nyers fejezet=55, karoli fejezet=56
Psalms (LXX) 55:8	Zsolt 56:8	(b) fejezethatar_atlepes	nyers fejezet=55, karoli fejezet=56
Psalms (LXX) 55:9	Zsolt 56:9	(b) fejezethatar_atlepes	nyers fejezet=55, karoli fejezet=56
Psalms (LXX) 55:10	Zsolt 56:10	(b) fejezethatar_atlepes	nyers fejezet=55, karoli fejezet=56
Psalms (LXX) 55:11	Zsolt 56:11	(b) fejezethatar_atlepes	nyers fejezet=55, karoli fejezet=56
Psalms (LXX) 55:12	Zsolt 56:12	(b) fejezethatar_atlepes	nyers fejezet=55, karoli fejezet=56
Psalms (LXX) 55:13	Zsolt 56:13	(b) fejezethatar_atlepes	nyers fejezet=55, karoli fejezet=56
Psalms (LXX) 55:14	Zsolt 56:14	(b) fejezethatar_atlepes	nyers fejezet=55, karoli fejezet=56
Psalms (LXX) 56:2	Zsolt 57:2	(b) fejezethatar_atlepes	nyers fejezet=56, karoli fejezet=57
Psalms (LXX) 56:3	Zsolt 57:3	(b) fejezethatar_atlepes	nyers fejezet=56, karoli fejezet=57
Psalms (LXX) 56:4	Zsolt 57:4	(b) fejezethatar_atlepes	nyers fejezet=56, karoli fejezet=57
Psalms (LXX) 56:5	Zsolt 57:5	(b) fejezethatar_atlepes	nyers fejezet=56, karoli fejezet=57
Psalms (LXX) 56:6	Zsolt 57:6	(b) fejezethatar_atlepes	nyers fejezet=56, karoli fejezet=57
Psalms (LXX) 56:7	Zsolt 57:7	(b) fejezethatar_atlepes	nyers fejezet=56, karoli fejezet=57
Psalms (LXX) 56:8	Zsolt 57:8	(b) fejezethatar_atlepes	nyers fejezet=56, karoli fejezet=57
Psalms (LXX) 56:9	Zsolt 57:9	(b) fejezethatar_atlepes	nyers fejezet=56, karoli fejezet=57
Psalms (LXX) 56:10	Zsolt 57:10	(b) fejezethatar_atlepes	nyers fejezet=56, karoli fejezet=57
Psalms (LXX) 56:11	Zsolt 57:11	(b) fejezethatar_atlepes	nyers fejezet=56, karoli fejezet=57
Psalms (LXX) 56:12	Zsolt 57:12	(b) fejezethatar_atlepes	nyers fejezet=56, karoli fejezet=57
Psalms (LXX) 57:2	Zsolt 58:2	(b) fejezethatar_atlepes	nyers fejezet=57, karoli fejezet=58
Psalms (LXX) 57:3	Zsolt 58:3	(b) fejezethatar_atlepes	nyers fejezet=57, karoli fejezet=58
Psalms (LXX) 57:4	Zsolt 58:4	(b) fejezethatar_atlepes	nyers fejezet=57, karoli fejezet=58
Psalms (LXX) 57:5	Zsolt 58:5	(b) fejezethatar_atlepes	nyers fejezet=57, karoli fejezet=58
Psalms (LXX) 57:6	Zsolt 58:6	(b) fejezethatar_atlepes	nyers fejezet=57, karoli fejezet=58
Psalms (LXX) 57:7	Zsolt 58:7	(b) fejezethatar_atlepes	nyers fejezet=57, karoli fejezet=58
Psalms (LXX) 57:8	Zsolt 58:8	(b) fejezethatar_atlepes	nyers fejezet=57, karoli fejezet=58
Psalms (LXX) 57:9	Zsolt 58:9	(b) fejezethatar_atlepes	nyers fejezet=57, karoli fejezet=58
Psalms (LXX) 57:10	Zsolt 58:10	(b) fejezethatar_atlepes	nyers fejezet=57, karoli fejezet=58
Psalms (LXX) 57:11	Zsolt 58:11	(b) fejezethatar_atlepes	nyers fejezet=57, karoli fejezet=58
Psalms (LXX) 57:12	Zsolt 58:12	(b) fejezethatar_atlepes	nyers fejezet=57, karoli fejezet=58
Psalms (LXX) 58:2	Zsolt 59:2	(b) fejezethatar_atlepes	nyers fejezet=58, karoli fejezet=59
Psalms (LXX) 58:3	Zsolt 59:3	(b) fejezethatar_atlepes	nyers fejezet=58, karoli fejezet=59
Psalms (LXX) 58:4	Zsolt 59:4	(b) fejezethatar_atlepes	nyers fejezet=58, karoli fejezet=59
Psalms (LXX) 58:5	Zsolt 59:5	(b) fejezethatar_atlepes	nyers fejezet=58, karoli fejezet=59
Psalms (LXX) 58:6	Zsolt 59:6	(b) fejezethatar_atlepes	nyers fejezet=58, karoli fejezet=59
Psalms (LXX) 58:7	Zsolt 59:7	(b) fejezethatar_atlepes	nyers fejezet=58, karoli fejezet=59
Psalms (LXX) 58:8	Zsolt 59:8	(b) fejezethatar_atlepes	nyers fejezet=58, karoli fejezet=59
Psalms (LXX) 58:9	Zsolt 59:9	(b) fejezethatar_atlepes	nyers fejezet=58, karoli fejezet=59
Psalms (LXX) 58:10	Zsolt 59:10	(b) fejezethatar_atlepes	nyers fejezet=58, karoli fejezet=59
Psalms (LXX) 58:11	Zsolt 59:11	(b) fejezethatar_atlepes	nyers fejezet=58, karoli fejezet=59
Psalms (LXX) 58:12	Zsolt 59:12	(b) fejezethatar_atlepes	nyers fejezet=58, karoli fejezet=59
Psalms (LXX) 58:13	Zsolt 59:13	(b) fejezethatar_atlepes	nyers fejezet=58, karoli fejezet=59
Psalms (LXX) 58:14	Zsolt 59:14	(b) fejezethatar_atlepes	nyers fejezet=58, karoli fejezet=59
Psalms (LXX) 58:15	Zsolt 59:15	(b) fejezethatar_atlepes	nyers fejezet=58, karoli fejezet=59
Psalms (LXX) 58:16	Zsolt 59:16	(b) fejezethatar_atlepes	nyers fejezet=58, karoli fejezet=59
Psalms (LXX) 58:17	Zsolt 59:17	(b) fejezethatar_atlepes	nyers fejezet=58, karoli fejezet=59
Psalms (LXX) 58:18	Zsolt 59:18	(b) fejezethatar_atlepes	nyers fejezet=58, karoli fejezet=59
Psalms (LXX) 59:3	Zsolt 60:3	(b) fejezethatar_atlepes	nyers fejezet=59, karoli fejezet=60
Psalms (LXX) 59:4	Zsolt 60:4	(b) fejezethatar_atlepes	nyers fejezet=59, karoli fejezet=60
Psalms (LXX) 59:5	Zsolt 60:5	(b) fejezethatar_atlepes	nyers fejezet=59, karoli fejezet=60
Psalms (LXX) 59:6	Zsolt 60:6	(b) fejezethatar_atlepes	nyers fejezet=59, karoli fejezet=60
Psalms (LXX) 59:7	Zsolt 60:7	(b) fejezethatar_atlepes	nyers fejezet=59, karoli fejezet=60
Psalms (LXX) 59:8	Zsolt 60:8	(b) fejezethatar_atlepes	nyers fejezet=59, karoli fejezet=60
Psalms (LXX) 59:9	Zsolt 60:9	(b) fejezethatar_atlepes	nyers fejezet=59, karoli fejezet=60
Psalms (LXX) 59:10	Zsolt 60:10	(b) fejezethatar_atlepes	nyers fejezet=59, karoli fejezet=60
Psalms (LXX) 59:11	Zsolt 60:11	(b) fejezethatar_atlepes	nyers fejezet=59, karoli fejezet=60
Psalms (LXX) 59:12	Zsolt 60:12	(b) fejezethatar_atlepes	nyers fejezet=59, karoli fejezet=60
Psalms (LXX) 59:13	Zsolt 60:13	(b) fejezethatar_atlepes	nyers fejezet=59, karoli fejezet=60
Psalms (LXX) 59:14	Zsolt 60:14	(b) fejezethatar_atlepes	nyers fejezet=59, karoli fejezet=60
Psalms (LXX) 60:2	Zsolt 61:2	(b) fejezethatar_atlepes	nyers fejezet=60, karoli fejezet=61
Psalms (LXX) 60:3	Zsolt 61:3	(b) fejezethatar_atlepes	nyers fejezet=60, karoli fejezet=61
Psalms (LXX) 60:4	Zsolt 61:4	(b) fejezethatar_atlepes	nyers fejezet=60, karoli fejezet=61
Psalms (LXX) 60:5	Zsolt 61:5	(b) fejezethatar_atlepes	nyers fejezet=60, karoli fejezet=61
Psalms (LXX) 60:6	Zsolt 61:6	(b) fejezethatar_atlepes	nyers fejezet=60, karoli fejezet=61
Psalms (LXX) 60:7	Zsolt 61:7	(b) fejezethatar_atlepes	nyers fejezet=60, karoli fejezet=61
Psalms (LXX) 60:8	Zsolt 61:8	(b) fejezethatar_atlepes	nyers fejezet=60, karoli fejezet=61
Psalms (LXX) 60:9	Zsolt 61:9	(b) fejezethatar_atlepes	nyers fejezet=60, karoli fejezet=61
Psalms (LXX) 61:2	Zsolt 62:2	(b) fejezethatar_atlepes	nyers fejezet=61, karoli fejezet=62
Psalms (LXX) 61:3	Zsolt 62:3	(b) fejezethatar_atlepes	nyers fejezet=61, karoli fejezet=62
Psalms (LXX) 61:4	Zsolt 62:4	(b) fejezethatar_atlepes	nyers fejezet=61, karoli fejezet=62
Psalms (LXX) 61:5	Zsolt 62:5	(b) fejezethatar_atlepes	nyers fejezet=61, karoli fejezet=62
Psalms (LXX) 61:6	Zsolt 62:6	(b) fejezethatar_atlepes	nyers fejezet=61, karoli fejezet=62
Psalms (LXX) 61:7	Zsolt 62:7	(b) fejezethatar_atlepes	nyers fejezet=61, karoli fejezet=62
Psalms (LXX) 61:8	Zsolt 62:8	(b) fejezethatar_atlepes	nyers fejezet=61, karoli fejezet=62
Psalms (LXX) 61:9	Zsolt 62:9	(b) fejezethatar_atlepes	nyers fejezet=61, karoli fejezet=62
Psalms (LXX) 61:10	Zsolt 62:10	(b) fejezethatar_atlepes	nyers fejezet=61, karoli fejezet=62
Psalms (LXX) 61:11	Zsolt 62:11	(b) fejezethatar_atlepes	nyers fejezet=61, karoli fejezet=62
Psalms (LXX) 61:12	Zsolt 62:12	(b) fejezethatar_atlepes	nyers fejezet=61, karoli fejezet=62
Psalms (LXX) 61:13	Zsolt 62:13	(b) fejezethatar_atlepes	nyers fejezet=61, karoli fejezet=62
Psalms (LXX) 62:2	Zsolt 63:2	(b) fejezethatar_atlepes	nyers fejezet=62, karoli fejezet=63
Psalms (LXX) 62:3	Zsolt 63:3	(b) fejezethatar_atlepes	nyers fejezet=62, karoli fejezet=63
Psalms (LXX) 62:4	Zsolt 63:4	(b) fejezethatar_atlepes	nyers fejezet=62, karoli fejezet=63
Psalms (LXX) 62:5	Zsolt 63:5	(b) fejezethatar_atlepes	nyers fejezet=62, karoli fejezet=63
Psalms (LXX) 62:6	Zsolt 63:6	(b) fejezethatar_atlepes	nyers fejezet=62, karoli fejezet=63
Psalms (LXX) 62:7	Zsolt 63:7	(b) fejezethatar_atlepes	nyers fejezet=62, karoli fejezet=63
Psalms (LXX) 62:8	Zsolt 63:8	(b) fejezethatar_atlepes	nyers fejezet=62, karoli fejezet=63
Psalms (LXX) 62:9	Zsolt 63:9	(b) fejezethatar_atlepes	nyers fejezet=62, karoli fejezet=63
Psalms (LXX) 62:10	Zsolt 63:10	(b) fejezethatar_atlepes	nyers fejezet=62, karoli fejezet=63
Psalms (LXX) 62:11	Zsolt 63:11	(b) fejezethatar_atlepes	nyers fejezet=62, karoli fejezet=63
Psalms (LXX) 62:12	Zsolt 63:12	(b) fejezethatar_atlepes	nyers fejezet=62, karoli fejezet=63
Psalms (LXX) 63:2	Zsolt 64:2	(b) fejezethatar_atlepes	nyers fejezet=63, karoli fejezet=64
Psalms (LXX) 63:3	Zsolt 64:3	(b) fejezethatar_atlepes	nyers fejezet=63, karoli fejezet=64
Psalms (LXX) 63:4	Zsolt 64:4	(b) fejezethatar_atlepes	nyers fejezet=63, karoli fejezet=64
Psalms (LXX) 63:5	Zsolt 64:5	(b) fejezethatar_atlepes	nyers fejezet=63, karoli fejezet=64
Psalms (LXX) 63:6	Zsolt 64:6	(b) fejezethatar_atlepes	nyers fejezet=63, karoli fejezet=64
Psalms (LXX) 63:7	Zsolt 64:7	(b) fejezethatar_atlepes	nyers fejezet=63, karoli fejezet=64
Psalms (LXX) 63:8	Zsolt 64:8	(b) fejezethatar_atlepes	nyers fejezet=63, karoli fejezet=64
Psalms (LXX) 63:9	Zsolt 64:9	(b) fejezethatar_atlepes	nyers fejezet=63, karoli fejezet=64
Psalms (LXX) 63:10	Zsolt 64:10	(b) fejezethatar_atlepes	nyers fejezet=63, karoli fejezet=64
Psalms (LXX) 63:11	Zsolt 64:11	(b) fejezethatar_atlepes	nyers fejezet=63, karoli fejezet=64
Psalms (LXX) 64:2	Zsolt 65:2	(b) fejezethatar_atlepes	nyers fejezet=64, karoli fejezet=65
Psalms (LXX) 64:3	Zsolt 65:3	(b) fejezethatar_atlepes	nyers fejezet=64, karoli fejezet=65
Psalms (LXX) 64:4	Zsolt 65:4	(b) fejezethatar_atlepes	nyers fejezet=64, karoli fejezet=65
Psalms (LXX) 64:5	Zsolt 65:5	(b) fejezethatar_atlepes	nyers fejezet=64, karoli fejezet=65
Psalms (LXX) 64:6	Zsolt 65:6	(b) fejezethatar_atlepes	nyers fejezet=64, karoli fejezet=65
Psalms (LXX) 64:7	Zsolt 65:7	(b) fejezethatar_atlepes	nyers fejezet=64, karoli fejezet=65
Psalms (LXX) 64:8	Zsolt 65:8	(b) fejezethatar_atlepes	nyers fejezet=64, karoli fejezet=65
Psalms (LXX) 64:9	Zsolt 65:9	(b) fejezethatar_atlepes	nyers fejezet=64, karoli fejezet=65
Psalms (LXX) 64:10	Zsolt 65:10	(b) fejezethatar_atlepes	nyers fejezet=64, karoli fejezet=65
Psalms (LXX) 64:11	Zsolt 65:11	(b) fejezethatar_atlepes	nyers fejezet=64, karoli fejezet=65
Psalms (LXX) 64:12	Zsolt 65:12	(b) fejezethatar_atlepes	nyers fejezet=64, karoli fejezet=65
Psalms (LXX) 64:13	Zsolt 65:13	(b) fejezethatar_atlepes	nyers fejezet=64, karoli fejezet=65
Psalms (LXX) 64:14	Zsolt 65:14	(b) fejezethatar_atlepes	nyers fejezet=64, karoli fejezet=65
Psalms (LXX) 66:2	Zsolt 67:2	(b) fejezethatar_atlepes	nyers fejezet=66, karoli fejezet=67
Psalms (LXX) 66:3	Zsolt 67:3	(b) fejezethatar_atlepes	nyers fejezet=66, karoli fejezet=67
Psalms (LXX) 66:4	Zsolt 67:4	(b) fejezethatar_atlepes	nyers fejezet=66, karoli fejezet=67
Psalms (LXX) 66:5	Zsolt 67:5	(b) fejezethatar_atlepes	nyers fejezet=66, karoli fejezet=67
Psalms (LXX) 66:6	Zsolt 67:6	(b) fejezethatar_atlepes	nyers fejezet=66, karoli fejezet=67
Psalms (LXX) 66:7	Zsolt 67:7	(b) fejezethatar_atlepes	nyers fejezet=66, karoli fejezet=67
Psalms (LXX) 66:8	Zsolt 67:8	(b) fejezethatar_atlepes	nyers fejezet=66, karoli fejezet=67
Psalms (LXX) 67:2	Zsolt 68:2	(b) fejezethatar_atlepes	nyers fejezet=67, karoli fejezet=68
Psalms (LXX) 67:3	Zsolt 68:3	(b) fejezethatar_atlepes	nyers fejezet=67, karoli fejezet=68
Psalms (LXX) 67:4	Zsolt 68:4	(b) fejezethatar_atlepes	nyers fejezet=67, karoli fejezet=68
Psalms (LXX) 67:5	Zsolt 68:5	(b) fejezethatar_atlepes	nyers fejezet=67, karoli fejezet=68
Psalms (LXX) 67:6	Zsolt 68:6	(b) fejezethatar_atlepes	nyers fejezet=67, karoli fejezet=68
Psalms (LXX) 67:7	Zsolt 68:7	(b) fejezethatar_atlepes	nyers fejezet=67, karoli fejezet=68
Psalms (LXX) 67:8	Zsolt 68:8	(b) fejezethatar_atlepes	nyers fejezet=67, karoli fejezet=68
Psalms (LXX) 67:9	Zsolt 68:9	(b) fejezethatar_atlepes	nyers fejezet=67, karoli fejezet=68
Psalms (LXX) 67:10	Zsolt 68:10	(b) fejezethatar_atlepes	nyers fejezet=67, karoli fejezet=68
Psalms (LXX) 67:11	Zsolt 68:11	(b) fejezethatar_atlepes	nyers fejezet=67, karoli fejezet=68
Psalms (LXX) 67:12	Zsolt 68:12	(b) fejezethatar_atlepes	nyers fejezet=67, karoli fejezet=68
Psalms (LXX) 67:13	Zsolt 68:13	(b) fejezethatar_atlepes	nyers fejezet=67, karoli fejezet=68
Psalms (LXX) 67:14	Zsolt 68:14	(b) fejezethatar_atlepes	nyers fejezet=67, karoli fejezet=68
Psalms (LXX) 67:15	Zsolt 68:15	(b) fejezethatar_atlepes	nyers fejezet=67, karoli fejezet=68
Psalms (LXX) 67:16	Zsolt 68:16	(b) fejezethatar_atlepes	nyers fejezet=67, karoli fejezet=68
Psalms (LXX) 67:17	Zsolt 68:17	(b) fejezethatar_atlepes	nyers fejezet=67, karoli fejezet=68
Psalms (LXX) 67:18	Zsolt 68:18	(b) fejezethatar_atlepes	nyers fejezet=67, karoli fejezet=68
Psalms (LXX) 67:19	Zsolt 68:19	(b) fejezethatar_atlepes	nyers fejezet=67, karoli fejezet=68
Psalms (LXX) 67:20	Zsolt 68:20	(b) fejezethatar_atlepes	nyers fejezet=67, karoli fejezet=68
Psalms (LXX) 67:21	Zsolt 68:21	(b) fejezethatar_atlepes	nyers fejezet=67, karoli fejezet=68
Psalms (LXX) 67:22	Zsolt 68:22	(b) fejezethatar_atlepes	nyers fejezet=67, karoli fejezet=68
Psalms (LXX) 67:23	Zsolt 68:23	(b) fejezethatar_atlepes	nyers fejezet=67, karoli fejezet=68
Psalms (LXX) 67:24	Zsolt 68:24	(b) fejezethatar_atlepes	nyers fejezet=67, karoli fejezet=68
Psalms (LXX) 67:25	Zsolt 68:25	(b) fejezethatar_atlepes	nyers fejezet=67, karoli fejezet=68
Psalms (LXX) 67:26	Zsolt 68:26	(b) fejezethatar_atlepes	nyers fejezet=67, karoli fejezet=68
Psalms (LXX) 67:27	Zsolt 68:27	(b) fejezethatar_atlepes	nyers fejezet=67, karoli fejezet=68
Psalms (LXX) 67:28	Zsolt 68:28	(b) fejezethatar_atlepes	nyers fejezet=67, karoli fejezet=68
Psalms (LXX) 67:29	Zsolt 68:29	(b) fejezethatar_atlepes	nyers fejezet=67, karoli fejezet=68
Psalms (LXX) 67:30	Zsolt 68:30	(b) fejezethatar_atlepes	nyers fejezet=67, karoli fejezet=68
Psalms (LXX) 67:31	Zsolt 68:31	(b) fejezethatar_atlepes	nyers fejezet=67, karoli fejezet=68
Psalms (LXX) 67:32	Zsolt 68:32	(b) fejezethatar_atlepes	nyers fejezet=67, karoli fejezet=68
Psalms (LXX) 67:33	Zsolt 68:33	(b) fejezethatar_atlepes	nyers fejezet=67, karoli fejezet=68
Psalms (LXX) 67:34	Zsolt 68:34	(b) fejezethatar_atlepes	nyers fejezet=67, karoli fejezet=68
Psalms (LXX) 67:35	Zsolt 68:35	(b) fejezethatar_atlepes	nyers fejezet=67, karoli fejezet=68
Psalms (LXX) 67:36	Zsolt 68:36	(b) fejezethatar_atlepes	nyers fejezet=67, karoli fejezet=68
Psalms (LXX) 68:2	Zsolt 69:2	(b) fejezethatar_atlepes	nyers fejezet=68, karoli fejezet=69
Psalms (LXX) 68:3	Zsolt 69:3	(b) fejezethatar_atlepes	nyers fejezet=68, karoli fejezet=69
Psalms (LXX) 68:4	Zsolt 69:4	(b) fejezethatar_atlepes	nyers fejezet=68, karoli fejezet=69
Psalms (LXX) 68:5	Zsolt 69:5	(b) fejezethatar_atlepes	nyers fejezet=68, karoli fejezet=69
Psalms (LXX) 68:6	Zsolt 69:6	(b) fejezethatar_atlepes	nyers fejezet=68, karoli fejezet=69
Psalms (LXX) 68:7	Zsolt 69:7	(b) fejezethatar_atlepes	nyers fejezet=68, karoli fejezet=69
Psalms (LXX) 68:8	Zsolt 69:8	(b) fejezethatar_atlepes	nyers fejezet=68, karoli fejezet=69
Psalms (LXX) 68:9	Zsolt 69:9	(b) fejezethatar_atlepes	nyers fejezet=68, karoli fejezet=69
Psalms (LXX) 68:10	Zsolt 69:10	(b) fejezethatar_atlepes	nyers fejezet=68, karoli fejezet=69
Psalms (LXX) 68:11	Zsolt 69:11	(b) fejezethatar_atlepes	nyers fejezet=68, karoli fejezet=69
Psalms (LXX) 68:12	Zsolt 69:12	(b) fejezethatar_atlepes	nyers fejezet=68, karoli fejezet=69
Psalms (LXX) 68:13	Zsolt 69:13	(b) fejezethatar_atlepes	nyers fejezet=68, karoli fejezet=69
Psalms (LXX) 68:14	Zsolt 69:14	(b) fejezethatar_atlepes	nyers fejezet=68, karoli fejezet=69
Psalms (LXX) 68:15	Zsolt 69:15	(b) fejezethatar_atlepes	nyers fejezet=68, karoli fejezet=69
Psalms (LXX) 68:16	Zsolt 69:16	(b) fejezethatar_atlepes	nyers fejezet=68, karoli fejezet=69
Psalms (LXX) 68:17	Zsolt 69:17	(b) fejezethatar_atlepes	nyers fejezet=68, karoli fejezet=69
Psalms (LXX) 68:18	Zsolt 69:18	(b) fejezethatar_atlepes	nyers fejezet=68, karoli fejezet=69
Psalms (LXX) 68:19	Zsolt 69:19	(b) fejezethatar_atlepes	nyers fejezet=68, karoli fejezet=69
Psalms (LXX) 68:20	Zsolt 69:20	(b) fejezethatar_atlepes	nyers fejezet=68, karoli fejezet=69
Psalms (LXX) 68:21	Zsolt 69:21	(b) fejezethatar_atlepes	nyers fejezet=68, karoli fejezet=69
Psalms (LXX) 68:22	Zsolt 69:22	(b) fejezethatar_atlepes	nyers fejezet=68, karoli fejezet=69
Psalms (LXX) 68:23	Zsolt 69:23	(b) fejezethatar_atlepes	nyers fejezet=68, karoli fejezet=69
Psalms (LXX) 68:24	Zsolt 69:24	(b) fejezethatar_atlepes	nyers fejezet=68, karoli fejezet=69
Psalms (LXX) 68:25	Zsolt 69:25	(b) fejezethatar_atlepes	nyers fejezet=68, karoli fejezet=69
Psalms (LXX) 68:26	Zsolt 69:26	(b) fejezethatar_atlepes	nyers fejezet=68, karoli fejezet=69
Psalms (LXX) 68:27	Zsolt 69:27	(b) fejezethatar_atlepes	nyers fejezet=68, karoli fejezet=69
Psalms (LXX) 68:28	Zsolt 69:28	(b) fejezethatar_atlepes	nyers fejezet=68, karoli fejezet=69
Psalms (LXX) 68:29	Zsolt 69:29	(b) fejezethatar_atlepes	nyers fejezet=68, karoli fejezet=69
Psalms (LXX) 68:30	Zsolt 69:30	(b) fejezethatar_atlepes	nyers fejezet=68, karoli fejezet=69
Psalms (LXX) 68:31	Zsolt 69:31	(b) fejezethatar_atlepes	nyers fejezet=68, karoli fejezet=69
Psalms (LXX) 68:32	Zsolt 69:32	(b) fejezethatar_atlepes	nyers fejezet=68, karoli fejezet=69
Psalms (LXX) 68:33	Zsolt 69:33	(b) fejezethatar_atlepes	nyers fejezet=68, karoli fejezet=69
Psalms (LXX) 68:34	Zsolt 69:34	(b) fejezethatar_atlepes	nyers fejezet=68, karoli fejezet=69
Psalms (LXX) 68:35	Zsolt 69:35	(b) fejezethatar_atlepes	nyers fejezet=68, karoli fejezet=69
Psalms (LXX) 68:36	Zsolt 69:36	(b) fejezethatar_atlepes	nyers fejezet=68, karoli fejezet=69
Psalms (LXX) 68:37	Zsolt 69:37	(b) fejezethatar_atlepes	nyers fejezet=68, karoli fejezet=69
Psalms (LXX) 69:2	Zsolt 70:2	(b) fejezethatar_atlepes	nyers fejezet=69, karoli fejezet=70
Psalms (LXX) 69:3	Zsolt 70:3	(b) fejezethatar_atlepes	nyers fejezet=69, karoli fejezet=70
Psalms (LXX) 69:4	Zsolt 70:4	(b) fejezethatar_atlepes	nyers fejezet=69, karoli fejezet=70
Psalms (LXX) 69:5	Zsolt 70:5	(b) fejezethatar_atlepes	nyers fejezet=69, karoli fejezet=70
Psalms (LXX) 69:6	Zsolt 70:6	(b) fejezethatar_atlepes	nyers fejezet=69, karoli fejezet=70
Psalms (LXX) 74:2	Zsolt 75:2	(b) fejezethatar_atlepes	nyers fejezet=74, karoli fejezet=75
Psalms (LXX) 74:3	Zsolt 75:3	(b) fejezethatar_atlepes	nyers fejezet=74, karoli fejezet=75
Psalms (LXX) 74:4	Zsolt 75:4	(b) fejezethatar_atlepes	nyers fejezet=74, karoli fejezet=75
Psalms (LXX) 74:5	Zsolt 75:5	(b) fejezethatar_atlepes	nyers fejezet=74, karoli fejezet=75
Psalms (LXX) 74:6	Zsolt 75:6	(b) fejezethatar_atlepes	nyers fejezet=74, karoli fejezet=75
Psalms (LXX) 74:7	Zsolt 75:7	(b) fejezethatar_atlepes	nyers fejezet=74, karoli fejezet=75
Psalms (LXX) 74:8	Zsolt 75:8	(b) fejezethatar_atlepes	nyers fejezet=74, karoli fejezet=75
Psalms (LXX) 74:9	Zsolt 75:9	(b) fejezethatar_atlepes	nyers fejezet=74, karoli fejezet=75
Psalms (LXX) 74:10	Zsolt 75:10	(b) fejezethatar_atlepes	nyers fejezet=74, karoli fejezet=75
Psalms (LXX) 74:11	Zsolt 75:11	(b) fejezethatar_atlepes	nyers fejezet=74, karoli fejezet=75
Psalms (LXX) 75:2	Zsolt 76:2	(b) fejezethatar_atlepes	nyers fejezet=75, karoli fejezet=76
Psalms (LXX) 75:3	Zsolt 76:3	(b) fejezethatar_atlepes	nyers fejezet=75, karoli fejezet=76
Psalms (LXX) 75:4	Zsolt 76:4	(b) fejezethatar_atlepes	nyers fejezet=75, karoli fejezet=76
Psalms (LXX) 75:5	Zsolt 76:5	(b) fejezethatar_atlepes	nyers fejezet=75, karoli fejezet=76
Psalms (LXX) 75:6	Zsolt 76:6	(b) fejezethatar_atlepes	nyers fejezet=75, karoli fejezet=76
Psalms (LXX) 75:7	Zsolt 76:7	(b) fejezethatar_atlepes	nyers fejezet=75, karoli fejezet=76
Psalms (LXX) 75:8	Zsolt 76:8	(b) fejezethatar_atlepes	nyers fejezet=75, karoli fejezet=76
Psalms (LXX) 75:9	Zsolt 76:9	(b) fejezethatar_atlepes	nyers fejezet=75, karoli fejezet=76
Psalms (LXX) 75:10	Zsolt 76:10	(b) fejezethatar_atlepes	nyers fejezet=75, karoli fejezet=76
Psalms (LXX) 75:11	Zsolt 76:11	(b) fejezethatar_atlepes	nyers fejezet=75, karoli fejezet=76
Psalms (LXX) 75:12	Zsolt 76:12	(b) fejezethatar_atlepes	nyers fejezet=75, karoli fejezet=76
Psalms (LXX) 75:13	Zsolt 76:13	(b) fejezethatar_atlepes	nyers fejezet=75, karoli fejezet=76
Psalms (LXX) 76:2	Zsolt 77:2	(b) fejezethatar_atlepes	nyers fejezet=76, karoli fejezet=77
Psalms (LXX) 76:3	Zsolt 77:3	(b) fejezethatar_atlepes	nyers fejezet=76, karoli fejezet=77
Psalms (LXX) 76:4	Zsolt 77:4	(b) fejezethatar_atlepes	nyers fejezet=76, karoli fejezet=77
Psalms (LXX) 76:5	Zsolt 77:5	(b) fejezethatar_atlepes	nyers fejezet=76, karoli fejezet=77
Psalms (LXX) 76:6	Zsolt 77:6	(b) fejezethatar_atlepes	nyers fejezet=76, karoli fejezet=77
Psalms (LXX) 76:7	Zsolt 77:7	(b) fejezethatar_atlepes	nyers fejezet=76, karoli fejezet=77
Psalms (LXX) 76:8	Zsolt 77:8	(b) fejezethatar_atlepes	nyers fejezet=76, karoli fejezet=77
Psalms (LXX) 76:9	Zsolt 77:9	(b) fejezethatar_atlepes	nyers fejezet=76, karoli fejezet=77
Psalms (LXX) 76:10	Zsolt 77:10	(b) fejezethatar_atlepes	nyers fejezet=76, karoli fejezet=77
Psalms (LXX) 76:11	Zsolt 77:11	(b) fejezethatar_atlepes	nyers fejezet=76, karoli fejezet=77
Psalms (LXX) 76:12	Zsolt 77:12	(b) fejezethatar_atlepes	nyers fejezet=76, karoli fejezet=77
Psalms (LXX) 76:13	Zsolt 77:13	(b) fejezethatar_atlepes	nyers fejezet=76, karoli fejezet=77
Psalms (LXX) 76:14	Zsolt 77:14	(b) fejezethatar_atlepes	nyers fejezet=76, karoli fejezet=77
Psalms (LXX) 76:15	Zsolt 77:15	(b) fejezethatar_atlepes	nyers fejezet=76, karoli fejezet=77
Psalms (LXX) 76:16	Zsolt 77:16	(b) fejezethatar_atlepes	nyers fejezet=76, karoli fejezet=77
Psalms (LXX) 76:17	Zsolt 77:17	(b) fejezethatar_atlepes	nyers fejezet=76, karoli fejezet=77
Psalms (LXX) 76:18	Zsolt 77:18	(b) fejezethatar_atlepes	nyers fejezet=76, karoli fejezet=77
Psalms (LXX) 76:19	Zsolt 77:19	(b) fejezethatar_atlepes	nyers fejezet=76, karoli fejezet=77
Psalms (LXX) 76:20	Zsolt 77:20	(b) fejezethatar_atlepes	nyers fejezet=76, karoli fejezet=77
Psalms (LXX) 76:21	Zsolt 77:21	(b) fejezethatar_atlepes	nyers fejezet=76, karoli fejezet=77
Psalms (LXX) 79:2	Zsolt 80:2	(b) fejezethatar_atlepes	nyers fejezet=79, karoli fejezet=80
Psalms (LXX) 79:3	Zsolt 80:3	(b) fejezethatar_atlepes	nyers fejezet=79, karoli fejezet=80
Psalms (LXX) 79:4	Zsolt 80:4	(b) fejezethatar_atlepes	nyers fejezet=79, karoli fejezet=80
Psalms (LXX) 79:5	Zsolt 80:5	(b) fejezethatar_atlepes	nyers fejezet=79, karoli fejezet=80
Psalms (LXX) 79:6	Zsolt 80:6	(b) fejezethatar_atlepes	nyers fejezet=79, karoli fejezet=80
Psalms (LXX) 79:7	Zsolt 80:7	(b) fejezethatar_atlepes	nyers fejezet=79, karoli fejezet=80
Psalms (LXX) 79:8	Zsolt 80:8	(b) fejezethatar_atlepes	nyers fejezet=79, karoli fejezet=80
Psalms (LXX) 79:9	Zsolt 80:9	(b) fejezethatar_atlepes	nyers fejezet=79, karoli fejezet=80
Psalms (LXX) 79:10	Zsolt 80:10	(b) fejezethatar_atlepes	nyers fejezet=79, karoli fejezet=80
Psalms (LXX) 79:11	Zsolt 80:11	(b) fejezethatar_atlepes	nyers fejezet=79, karoli fejezet=80
Psalms (LXX) 79:12	Zsolt 80:12	(b) fejezethatar_atlepes	nyers fejezet=79, karoli fejezet=80
Psalms (LXX) 79:13	Zsolt 80:13	(b) fejezethatar_atlepes	nyers fejezet=79, karoli fejezet=80
Psalms (LXX) 79:14	Zsolt 80:14	(b) fejezethatar_atlepes	nyers fejezet=79, karoli fejezet=80
Psalms (LXX) 79:15	Zsolt 80:15	(b) fejezethatar_atlepes	nyers fejezet=79, karoli fejezet=80
Psalms (LXX) 79:16	Zsolt 80:16	(b) fejezethatar_atlepes	nyers fejezet=79, karoli fejezet=80
Psalms (LXX) 79:17	Zsolt 80:17	(b) fejezethatar_atlepes	nyers fejezet=79, karoli fejezet=80
Psalms (LXX) 79:18	Zsolt 80:18	(b) fejezethatar_atlepes	nyers fejezet=79, karoli fejezet=80
Psalms (LXX) 79:19	Zsolt 80:19	(b) fejezethatar_atlepes	nyers fejezet=79, karoli fejezet=80
Psalms (LXX) 79:20	Zsolt 80:20	(b) fejezethatar_atlepes	nyers fejezet=79, karoli fejezet=80
Psalms (LXX) 80:2	Zsolt 81:2	(b) fejezethatar_atlepes	nyers fejezet=80, karoli fejezet=81
Psalms (LXX) 80:3	Zsolt 81:3	(b) fejezethatar_atlepes	nyers fejezet=80, karoli fejezet=81
Psalms (LXX) 80:4	Zsolt 81:4	(b) fejezethatar_atlepes	nyers fejezet=80, karoli fejezet=81
Psalms (LXX) 80:5	Zsolt 81:5	(b) fejezethatar_atlepes	nyers fejezet=80, karoli fejezet=81
Psalms (LXX) 80:6	Zsolt 81:6	(b) fejezethatar_atlepes	nyers fejezet=80, karoli fejezet=81
Psalms (LXX) 80:7	Zsolt 81:7	(b) fejezethatar_atlepes	nyers fejezet=80, karoli fejezet=81
Psalms (LXX) 80:8	Zsolt 81:8	(b) fejezethatar_atlepes	nyers fejezet=80, karoli fejezet=81
Psalms (LXX) 80:9	Zsolt 81:9	(b) fejezethatar_atlepes	nyers fejezet=80, karoli fejezet=81
Psalms (LXX) 80:10	Zsolt 81:10	(b) fejezethatar_atlepes	nyers fejezet=80, karoli fejezet=81
Psalms (LXX) 80:11	Zsolt 81:11	(b) fejezethatar_atlepes	nyers fejezet=80, karoli fejezet=81
Psalms (LXX) 80:12	Zsolt 81:12	(b) fejezethatar_atlepes	nyers fejezet=80, karoli fejezet=81
Psalms (LXX) 80:13	Zsolt 81:13	(b) fejezethatar_atlepes	nyers fejezet=80, karoli fejezet=81
Psalms (LXX) 80:14	Zsolt 81:14	(b) fejezethatar_atlepes	nyers fejezet=80, karoli fejezet=81
Psalms (LXX) 80:15	Zsolt 81:15	(b) fejezethatar_atlepes	nyers fejezet=80, karoli fejezet=81
Psalms (LXX) 80:16	Zsolt 81:16	(b) fejezethatar_atlepes	nyers fejezet=80, karoli fejezet=81
Psalms (LXX) 80:17	Zsolt 81:17	(b) fejezethatar_atlepes	nyers fejezet=80, karoli fejezet=81
Psalms (LXX) 82:2	Zsolt 83:2	(b) fejezethatar_atlepes	nyers fejezet=82, karoli fejezet=83
Psalms (LXX) 82:3	Zsolt 83:3	(b) fejezethatar_atlepes	nyers fejezet=82, karoli fejezet=83
Psalms (LXX) 82:4	Zsolt 83:4	(b) fejezethatar_atlepes	nyers fejezet=82, karoli fejezet=83
Psalms (LXX) 82:5	Zsolt 83:5	(b) fejezethatar_atlepes	nyers fejezet=82, karoli fejezet=83
Psalms (LXX) 82:6	Zsolt 83:6	(b) fejezethatar_atlepes	nyers fejezet=82, karoli fejezet=83
Psalms (LXX) 82:7	Zsolt 83:7	(b) fejezethatar_atlepes	nyers fejezet=82, karoli fejezet=83
Psalms (LXX) 82:8	Zsolt 83:8	(b) fejezethatar_atlepes	nyers fejezet=82, karoli fejezet=83
Psalms (LXX) 82:9	Zsolt 83:9	(b) fejezethatar_atlepes	nyers fejezet=82, karoli fejezet=83
Psalms (LXX) 82:10	Zsolt 83:10	(b) fejezethatar_atlepes	nyers fejezet=82, karoli fejezet=83
Psalms (LXX) 82:11	Zsolt 83:11	(b) fejezethatar_atlepes	nyers fejezet=82, karoli fejezet=83
Psalms (LXX) 82:12	Zsolt 83:12	(b) fejezethatar_atlepes	nyers fejezet=82, karoli fejezet=83
Psalms (LXX) 82:13	Zsolt 83:13	(b) fejezethatar_atlepes	nyers fejezet=82, karoli fejezet=83
Psalms (LXX) 82:14	Zsolt 83:14	(b) fejezethatar_atlepes	nyers fejezet=82, karoli fejezet=83
Psalms (LXX) 82:15	Zsolt 83:15	(b) fejezethatar_atlepes	nyers fejezet=82, karoli fejezet=83
Psalms (LXX) 82:16	Zsolt 83:16	(b) fejezethatar_atlepes	nyers fejezet=82, karoli fejezet=83
Psalms (LXX) 82:17	Zsolt 83:17	(b) fejezethatar_atlepes	nyers fejezet=82, karoli fejezet=83
Psalms (LXX) 82:18	Zsolt 83:18	(b) fejezethatar_atlepes	nyers fejezet=82, karoli fejezet=83
Psalms (LXX) 82:19	Zsolt 83:19	(b) fejezethatar_atlepes	nyers fejezet=82, karoli fejezet=83
Psalms (LXX) 83:2	Zsolt 84:2	(b) fejezethatar_atlepes	nyers fejezet=83, karoli fejezet=84
Psalms (LXX) 83:3	Zsolt 84:3	(b) fejezethatar_atlepes	nyers fejezet=83, karoli fejezet=84
Psalms (LXX) 83:4	Zsolt 84:4	(b) fejezethatar_atlepes	nyers fejezet=83, karoli fejezet=84
Psalms (LXX) 83:5	Zsolt 84:5	(b) fejezethatar_atlepes	nyers fejezet=83, karoli fejezet=84
Psalms (LXX) 83:6	Zsolt 84:6	(b) fejezethatar_atlepes	nyers fejezet=83, karoli fejezet=84
Psalms (LXX) 83:7	Zsolt 84:7	(b) fejezethatar_atlepes	nyers fejezet=83, karoli fejezet=84
Psalms (LXX) 83:8	Zsolt 84:8	(b) fejezethatar_atlepes	nyers fejezet=83, karoli fejezet=84
Psalms (LXX) 83:9	Zsolt 84:9	(b) fejezethatar_atlepes	nyers fejezet=83, karoli fejezet=84
Psalms (LXX) 83:10	Zsolt 84:10	(b) fejezethatar_atlepes	nyers fejezet=83, karoli fejezet=84
Psalms (LXX) 83:11	Zsolt 84:11	(b) fejezethatar_atlepes	nyers fejezet=83, karoli fejezet=84
Psalms (LXX) 83:12	Zsolt 84:12	(b) fejezethatar_atlepes	nyers fejezet=83, karoli fejezet=84
Psalms (LXX) 83:13	Zsolt 84:13	(b) fejezethatar_atlepes	nyers fejezet=83, karoli fejezet=84
Psalms (LXX) 84:2	Zsolt 85:2	(b) fejezethatar_atlepes	nyers fejezet=84, karoli fejezet=85
Psalms (LXX) 84:3	Zsolt 85:3	(b) fejezethatar_atlepes	nyers fejezet=84, karoli fejezet=85
Psalms (LXX) 84:4	Zsolt 85:4	(b) fejezethatar_atlepes	nyers fejezet=84, karoli fejezet=85
Psalms (LXX) 84:5	Zsolt 85:5	(b) fejezethatar_atlepes	nyers fejezet=84, karoli fejezet=85
Psalms (LXX) 84:6	Zsolt 85:6	(b) fejezethatar_atlepes	nyers fejezet=84, karoli fejezet=85
Psalms (LXX) 84:7	Zsolt 85:7	(b) fejezethatar_atlepes	nyers fejezet=84, karoli fejezet=85
Psalms (LXX) 84:8	Zsolt 85:8	(b) fejezethatar_atlepes	nyers fejezet=84, karoli fejezet=85
Psalms (LXX) 84:9	Zsolt 85:9	(b) fejezethatar_atlepes	nyers fejezet=84, karoli fejezet=85
Psalms (LXX) 84:10	Zsolt 85:10	(b) fejezethatar_atlepes	nyers fejezet=84, karoli fejezet=85
Psalms (LXX) 84:11	Zsolt 85:11	(b) fejezethatar_atlepes	nyers fejezet=84, karoli fejezet=85
Psalms (LXX) 84:12	Zsolt 85:12	(b) fejezethatar_atlepes	nyers fejezet=84, karoli fejezet=85
Psalms (LXX) 84:13	Zsolt 85:13	(b) fejezethatar_atlepes	nyers fejezet=84, karoli fejezet=85
Psalms (LXX) 84:14	Zsolt 85:14	(b) fejezethatar_atlepes	nyers fejezet=84, karoli fejezet=85
Psalms (LXX) 87:2	Zsolt 88:2	(b) fejezethatar_atlepes	nyers fejezet=87, karoli fejezet=88
Psalms (LXX) 87:3	Zsolt 88:3	(b) fejezethatar_atlepes	nyers fejezet=87, karoli fejezet=88
Psalms (LXX) 87:4	Zsolt 88:4	(b) fejezethatar_atlepes	nyers fejezet=87, karoli fejezet=88
Psalms (LXX) 87:5	Zsolt 88:5	(b) fejezethatar_atlepes	nyers fejezet=87, karoli fejezet=88
Psalms (LXX) 87:6	Zsolt 88:6	(b) fejezethatar_atlepes	nyers fejezet=87, karoli fejezet=88
Psalms (LXX) 87:7	Zsolt 88:7	(b) fejezethatar_atlepes	nyers fejezet=87, karoli fejezet=88
Psalms (LXX) 87:8	Zsolt 88:8	(b) fejezethatar_atlepes	nyers fejezet=87, karoli fejezet=88
Psalms (LXX) 87:9	Zsolt 88:9	(b) fejezethatar_atlepes	nyers fejezet=87, karoli fejezet=88
Psalms (LXX) 87:10	Zsolt 88:10	(b) fejezethatar_atlepes	nyers fejezet=87, karoli fejezet=88
Psalms (LXX) 87:11	Zsolt 88:11	(b) fejezethatar_atlepes	nyers fejezet=87, karoli fejezet=88
Psalms (LXX) 87:12	Zsolt 88:12	(b) fejezethatar_atlepes	nyers fejezet=87, karoli fejezet=88
Psalms (LXX) 87:13	Zsolt 88:13	(b) fejezethatar_atlepes	nyers fejezet=87, karoli fejezet=88
Psalms (LXX) 87:14	Zsolt 88:14	(b) fejezethatar_atlepes	nyers fejezet=87, karoli fejezet=88
Psalms (LXX) 87:15	Zsolt 88:15	(b) fejezethatar_atlepes	nyers fejezet=87, karoli fejezet=88
Psalms (LXX) 87:16	Zsolt 88:16	(b) fejezethatar_atlepes	nyers fejezet=87, karoli fejezet=88
Psalms (LXX) 87:17	Zsolt 88:17	(b) fejezethatar_atlepes	nyers fejezet=87, karoli fejezet=88
Psalms (LXX) 87:18	Zsolt 88:18	(b) fejezethatar_atlepes	nyers fejezet=87, karoli fejezet=88
Psalms (LXX) 87:19	Zsolt 88:19	(b) fejezethatar_atlepes	nyers fejezet=87, karoli fejezet=88
Psalms (LXX) 88:2	Zsolt 89:2	(b) fejezethatar_atlepes	nyers fejezet=88, karoli fejezet=89
Psalms (LXX) 88:3	Zsolt 89:3	(b) fejezethatar_atlepes	nyers fejezet=88, karoli fejezet=89
Psalms (LXX) 88:4	Zsolt 89:4	(b) fejezethatar_atlepes	nyers fejezet=88, karoli fejezet=89
Psalms (LXX) 88:5	Zsolt 89:5	(b) fejezethatar_atlepes	nyers fejezet=88, karoli fejezet=89
Psalms (LXX) 88:6	Zsolt 89:6	(b) fejezethatar_atlepes	nyers fejezet=88, karoli fejezet=89
Psalms (LXX) 88:7	Zsolt 89:7	(b) fejezethatar_atlepes	nyers fejezet=88, karoli fejezet=89
Psalms (LXX) 88:8	Zsolt 89:8	(b) fejezethatar_atlepes	nyers fejezet=88, karoli fejezet=89
Psalms (LXX) 88:9	Zsolt 89:9	(b) fejezethatar_atlepes	nyers fejezet=88, karoli fejezet=89
Psalms (LXX) 88:10	Zsolt 89:10	(b) fejezethatar_atlepes	nyers fejezet=88, karoli fejezet=89
Psalms (LXX) 88:11	Zsolt 89:11	(b) fejezethatar_atlepes	nyers fejezet=88, karoli fejezet=89
Psalms (LXX) 88:12	Zsolt 89:12	(b) fejezethatar_atlepes	nyers fejezet=88, karoli fejezet=89
Psalms (LXX) 88:13	Zsolt 89:13	(b) fejezethatar_atlepes	nyers fejezet=88, karoli fejezet=89
Psalms (LXX) 88:14	Zsolt 89:14	(b) fejezethatar_atlepes	nyers fejezet=88, karoli fejezet=89
Psalms (LXX) 88:15	Zsolt 89:15	(b) fejezethatar_atlepes	nyers fejezet=88, karoli fejezet=89
Psalms (LXX) 88:16	Zsolt 89:16	(b) fejezethatar_atlepes	nyers fejezet=88, karoli fejezet=89
Psalms (LXX) 88:17	Zsolt 89:17	(b) fejezethatar_atlepes	nyers fejezet=88, karoli fejezet=89
Psalms (LXX) 88:18	Zsolt 89:18	(b) fejezethatar_atlepes	nyers fejezet=88, karoli fejezet=89
Psalms (LXX) 88:19	Zsolt 89:19	(b) fejezethatar_atlepes	nyers fejezet=88, karoli fejezet=89
Psalms (LXX) 88:20	Zsolt 89:20	(b) fejezethatar_atlepes	nyers fejezet=88, karoli fejezet=89
Psalms (LXX) 88:21	Zsolt 89:21	(b) fejezethatar_atlepes	nyers fejezet=88, karoli fejezet=89
Psalms (LXX) 88:22	Zsolt 89:22	(b) fejezethatar_atlepes	nyers fejezet=88, karoli fejezet=89
Psalms (LXX) 88:23	Zsolt 89:23	(b) fejezethatar_atlepes	nyers fejezet=88, karoli fejezet=89
Psalms (LXX) 88:24	Zsolt 89:24	(b) fejezethatar_atlepes	nyers fejezet=88, karoli fejezet=89
Psalms (LXX) 88:25	Zsolt 89:25	(b) fejezethatar_atlepes	nyers fejezet=88, karoli fejezet=89
Psalms (LXX) 88:26	Zsolt 89:26	(b) fejezethatar_atlepes	nyers fejezet=88, karoli fejezet=89
Psalms (LXX) 88:27	Zsolt 89:27	(b) fejezethatar_atlepes	nyers fejezet=88, karoli fejezet=89
Psalms (LXX) 88:28	Zsolt 89:28	(b) fejezethatar_atlepes	nyers fejezet=88, karoli fejezet=89
Psalms (LXX) 88:29	Zsolt 89:29	(b) fejezethatar_atlepes	nyers fejezet=88, karoli fejezet=89
Psalms (LXX) 88:30	Zsolt 89:30	(b) fejezethatar_atlepes	nyers fejezet=88, karoli fejezet=89
Psalms (LXX) 88:31	Zsolt 89:31	(b) fejezethatar_atlepes	nyers fejezet=88, karoli fejezet=89
Psalms (LXX) 88:32	Zsolt 89:32	(b) fejezethatar_atlepes	nyers fejezet=88, karoli fejezet=89
Psalms (LXX) 88:33	Zsolt 89:33	(b) fejezethatar_atlepes	nyers fejezet=88, karoli fejezet=89
Psalms (LXX) 88:34	Zsolt 89:34	(b) fejezethatar_atlepes	nyers fejezet=88, karoli fejezet=89
Psalms (LXX) 88:35	Zsolt 89:35	(b) fejezethatar_atlepes	nyers fejezet=88, karoli fejezet=89
Psalms (LXX) 88:36	Zsolt 89:36	(b) fejezethatar_atlepes	nyers fejezet=88, karoli fejezet=89
Psalms (LXX) 88:37	Zsolt 89:37	(b) fejezethatar_atlepes	nyers fejezet=88, karoli fejezet=89
Psalms (LXX) 88:38	Zsolt 89:38	(b) fejezethatar_atlepes	nyers fejezet=88, karoli fejezet=89
Psalms (LXX) 88:39	Zsolt 89:39	(b) fejezethatar_atlepes	nyers fejezet=88, karoli fejezet=89
Psalms (LXX) 88:40	Zsolt 89:40	(b) fejezethatar_atlepes	nyers fejezet=88, karoli fejezet=89
Psalms (LXX) 88:41	Zsolt 89:41	(b) fejezethatar_atlepes	nyers fejezet=88, karoli fejezet=89
Psalms (LXX) 88:42	Zsolt 89:42	(b) fejezethatar_atlepes	nyers fejezet=88, karoli fejezet=89
Psalms (LXX) 88:43	Zsolt 89:43	(b) fejezethatar_atlepes	nyers fejezet=88, karoli fejezet=89
Psalms (LXX) 88:44	Zsolt 89:44	(b) fejezethatar_atlepes	nyers fejezet=88, karoli fejezet=89
Psalms (LXX) 88:45	Zsolt 89:45	(b) fejezethatar_atlepes	nyers fejezet=88, karoli fejezet=89
Psalms (LXX) 88:46	Zsolt 89:46	(b) fejezethatar_atlepes	nyers fejezet=88, karoli fejezet=89
Psalms (LXX) 88:47	Zsolt 89:47	(b) fejezethatar_atlepes	nyers fejezet=88, karoli fejezet=89
Psalms (LXX) 88:48	Zsolt 89:48	(b) fejezethatar_atlepes	nyers fejezet=88, karoli fejezet=89
Psalms (LXX) 88:49	Zsolt 89:49	(b) fejezethatar_atlepes	nyers fejezet=88, karoli fejezet=89
Psalms (LXX) 88:50	Zsolt 89:50	(b) fejezethatar_atlepes	nyers fejezet=88, karoli fejezet=89
Psalms (LXX) 88:51	Zsolt 89:51	(b) fejezethatar_atlepes	nyers fejezet=88, karoli fejezet=89
Psalms (LXX) 88:52	Zsolt 89:52	(b) fejezethatar_atlepes	nyers fejezet=88, karoli fejezet=89
Psalms (LXX) 88:53	Zsolt 89:53	(b) fejezethatar_atlepes	nyers fejezet=88, karoli fejezet=89
Psalms (LXX) 91:2	Zsolt 92:2	(b) fejezethatar_atlepes	nyers fejezet=91, karoli fejezet=92
Psalms (LXX) 91:3	Zsolt 92:3	(b) fejezethatar_atlepes	nyers fejezet=91, karoli fejezet=92
Psalms (LXX) 91:4	Zsolt 92:4	(b) fejezethatar_atlepes	nyers fejezet=91, karoli fejezet=92
Psalms (LXX) 91:5	Zsolt 92:5	(b) fejezethatar_atlepes	nyers fejezet=91, karoli fejezet=92
Psalms (LXX) 91:6	Zsolt 92:6	(b) fejezethatar_atlepes	nyers fejezet=91, karoli fejezet=92
Psalms (LXX) 91:7	Zsolt 92:7	(b) fejezethatar_atlepes	nyers fejezet=91, karoli fejezet=92
Psalms (LXX) 91:8	Zsolt 92:8	(b) fejezethatar_atlepes	nyers fejezet=91, karoli fejezet=92
Psalms (LXX) 91:9	Zsolt 92:9	(b) fejezethatar_atlepes	nyers fejezet=91, karoli fejezet=92
Psalms (LXX) 91:10	Zsolt 92:10	(b) fejezethatar_atlepes	nyers fejezet=91, karoli fejezet=92
Psalms (LXX) 91:11	Zsolt 92:11	(b) fejezethatar_atlepes	nyers fejezet=91, karoli fejezet=92
Psalms (LXX) 91:12	Zsolt 92:12	(b) fejezethatar_atlepes	nyers fejezet=91, karoli fejezet=92
Psalms (LXX) 91:13	Zsolt 92:13	(b) fejezethatar_atlepes	nyers fejezet=91, karoli fejezet=92
Psalms (LXX) 91:14	Zsolt 92:14	(b) fejezethatar_atlepes	nyers fejezet=91, karoli fejezet=92
Psalms (LXX) 91:15	Zsolt 92:15	(b) fejezethatar_atlepes	nyers fejezet=91, karoli fejezet=92
Psalms (LXX) 91:16	Zsolt 92:16	(b) fejezethatar_atlepes	nyers fejezet=91, karoli fejezet=92
Psalms (LXX) 101:2	Zsolt 102:2	(b) fejezethatar_atlepes	nyers fejezet=101, karoli fejezet=102
Psalms (LXX) 101:3	Zsolt 102:3	(b) fejezethatar_atlepes	nyers fejezet=101, karoli fejezet=102
Psalms (LXX) 101:4	Zsolt 102:4	(b) fejezethatar_atlepes	nyers fejezet=101, karoli fejezet=102
Psalms (LXX) 101:5	Zsolt 102:5	(b) fejezethatar_atlepes	nyers fejezet=101, karoli fejezet=102
Psalms (LXX) 101:6	Zsolt 102:6	(b) fejezethatar_atlepes	nyers fejezet=101, karoli fejezet=102
Psalms (LXX) 101:7	Zsolt 102:7	(b) fejezethatar_atlepes	nyers fejezet=101, karoli fejezet=102
Psalms (LXX) 101:8	Zsolt 102:8	(b) fejezethatar_atlepes	nyers fejezet=101, karoli fejezet=102
Psalms (LXX) 101:9	Zsolt 102:9	(b) fejezethatar_atlepes	nyers fejezet=101, karoli fejezet=102
Psalms (LXX) 101:10	Zsolt 102:10	(b) fejezethatar_atlepes	nyers fejezet=101, karoli fejezet=102
Psalms (LXX) 101:11	Zsolt 102:11	(b) fejezethatar_atlepes	nyers fejezet=101, karoli fejezet=102
Psalms (LXX) 101:12	Zsolt 102:12	(b) fejezethatar_atlepes	nyers fejezet=101, karoli fejezet=102
Psalms (LXX) 101:13	Zsolt 102:13	(b) fejezethatar_atlepes	nyers fejezet=101, karoli fejezet=102
Psalms (LXX) 101:14	Zsolt 102:14	(b) fejezethatar_atlepes	nyers fejezet=101, karoli fejezet=102
Psalms (LXX) 101:15	Zsolt 102:15	(b) fejezethatar_atlepes	nyers fejezet=101, karoli fejezet=102
Psalms (LXX) 101:16	Zsolt 102:16	(b) fejezethatar_atlepes	nyers fejezet=101, karoli fejezet=102
Psalms (LXX) 101:17	Zsolt 102:17	(b) fejezethatar_atlepes	nyers fejezet=101, karoli fejezet=102
Psalms (LXX) 101:18	Zsolt 102:18	(b) fejezethatar_atlepes	nyers fejezet=101, karoli fejezet=102
Psalms (LXX) 101:19	Zsolt 102:19	(b) fejezethatar_atlepes	nyers fejezet=101, karoli fejezet=102
Psalms (LXX) 101:20	Zsolt 102:20	(b) fejezethatar_atlepes	nyers fejezet=101, karoli fejezet=102
Psalms (LXX) 101:21	Zsolt 102:21	(b) fejezethatar_atlepes	nyers fejezet=101, karoli fejezet=102
Psalms (LXX) 101:22	Zsolt 102:22	(b) fejezethatar_atlepes	nyers fejezet=101, karoli fejezet=102
Psalms (LXX) 101:23	Zsolt 102:23	(b) fejezethatar_atlepes	nyers fejezet=101, karoli fejezet=102
Psalms (LXX) 101:24	Zsolt 102:24	(b) fejezethatar_atlepes	nyers fejezet=101, karoli fejezet=102
Psalms (LXX) 101:25	Zsolt 102:25	(b) fejezethatar_atlepes	nyers fejezet=101, karoli fejezet=102
Psalms (LXX) 101:26	Zsolt 102:26	(b) fejezethatar_atlepes	nyers fejezet=101, karoli fejezet=102
Psalms (LXX) 101:27	Zsolt 102:27	(b) fejezethatar_atlepes	nyers fejezet=101, karoli fejezet=102
Psalms (LXX) 101:28	Zsolt 102:28	(b) fejezethatar_atlepes	nyers fejezet=101, karoli fejezet=102
Psalms (LXX) 101:29	Zsolt 102:29	(b) fejezethatar_atlepes	nyers fejezet=101, karoli fejezet=102
Psalms (LXX) 107:2	Zsolt 108:2	(b) fejezethatar_atlepes	nyers fejezet=107, karoli fejezet=108
Psalms (LXX) 107:3	Zsolt 108:3	(b) fejezethatar_atlepes	nyers fejezet=107, karoli fejezet=108
Psalms (LXX) 107:4	Zsolt 108:4	(b) fejezethatar_atlepes	nyers fejezet=107, karoli fejezet=108
Psalms (LXX) 107:5	Zsolt 108:5	(b) fejezethatar_atlepes	nyers fejezet=107, karoli fejezet=108
Psalms (LXX) 107:6	Zsolt 108:6	(b) fejezethatar_atlepes	nyers fejezet=107, karoli fejezet=108
Psalms (LXX) 107:7	Zsolt 108:7	(b) fejezethatar_atlepes	nyers fejezet=107, karoli fejezet=108
Psalms (LXX) 107:8	Zsolt 108:8	(b) fejezethatar_atlepes	nyers fejezet=107, karoli fejezet=108
Psalms (LXX) 107:9	Zsolt 108:9	(b) fejezethatar_atlepes	nyers fejezet=107, karoli fejezet=108
Psalms (LXX) 107:10	Zsolt 108:10	(b) fejezethatar_atlepes	nyers fejezet=107, karoli fejezet=108
Psalms (LXX) 107:11	Zsolt 108:11	(b) fejezethatar_atlepes	nyers fejezet=107, karoli fejezet=108
Psalms (LXX) 107:12	Zsolt 108:12	(b) fejezethatar_atlepes	nyers fejezet=107, karoli fejezet=108
Psalms (LXX) 107:13	Zsolt 108:13	(b) fejezethatar_atlepes	nyers fejezet=107, karoli fejezet=108
Psalms (LXX) 107:14	Zsolt 108:14	(b) fejezethatar_atlepes	nyers fejezet=107, karoli fejezet=108
Psalms (LXX) 139:2	Zsolt 140:2	(b) fejezethatar_atlepes	nyers fejezet=139, karoli fejezet=140
Psalms (LXX) 139:3	Zsolt 140:3	(b) fejezethatar_atlepes	nyers fejezet=139, karoli fejezet=140
Psalms (LXX) 139:4	Zsolt 140:4	(b) fejezethatar_atlepes	nyers fejezet=139, karoli fejezet=140
Psalms (LXX) 139:5	Zsolt 140:5	(b) fejezethatar_atlepes	nyers fejezet=139, karoli fejezet=140
Psalms (LXX) 139:6	Zsolt 140:6	(b) fejezethatar_atlepes	nyers fejezet=139, karoli fejezet=140
Psalms (LXX) 139:7	Zsolt 140:7	(b) fejezethatar_atlepes	nyers fejezet=139, karoli fejezet=140
Psalms (LXX) 139:8	Zsolt 140:8	(b) fejezethatar_atlepes	nyers fejezet=139, karoli fejezet=140
Psalms (LXX) 139:9	Zsolt 140:9	(b) fejezethatar_atlepes	nyers fejezet=139, karoli fejezet=140
Psalms (LXX) 139:10	Zsolt 140:10	(b) fejezethatar_atlepes	nyers fejezet=139, karoli fejezet=140
Psalms (LXX) 139:11	Zsolt 140:11	(b) fejezethatar_atlepes	nyers fejezet=139, karoli fejezet=140
Psalms (LXX) 139:12	Zsolt 140:12	(b) fejezethatar_atlepes	nyers fejezet=139, karoli fejezet=140
Psalms (LXX) 139:13	Zsolt 140:13	(b) fejezethatar_atlepes	nyers fejezet=139, karoli fejezet=140
Psalms (LXX) 139:14	Zsolt 140:14	(b) fejezethatar_atlepes	nyers fejezet=139, karoli fejezet=140
Psalms (LXX) 141:2	Zsolt 142:2	(b) fejezethatar_atlepes	nyers fejezet=141, karoli fejezet=142
Psalms (LXX) 141:3	Zsolt 142:3	(b) fejezethatar_atlepes	nyers fejezet=141, karoli fejezet=142
Psalms (LXX) 141:4	Zsolt 142:4	(b) fejezethatar_atlepes	nyers fejezet=141, karoli fejezet=142
Psalms (LXX) 141:5	Zsolt 142:5	(b) fejezethatar_atlepes	nyers fejezet=141, karoli fejezet=142
Psalms (LXX) 141:6	Zsolt 142:6	(b) fejezethatar_atlepes	nyers fejezet=141, karoli fejezet=142
Psalms (LXX) 141:7	Zsolt 142:7	(b) fejezethatar_atlepes	nyers fejezet=141, karoli fejezet=142
Psalms (LXX) 141:8	Zsolt 142:8	(b) fejezethatar_atlepes	nyers fejezet=141, karoli fejezet=142
1Kir 6 (fejezet)		(c) hianyzo_karoli_vers	hianyzo versek a fejezetbol: [11, 12, 13, 14, 18, 37, 38]
1Kir 22 (fejezet)		(c) hianyzo_karoli_vers	hianyzo versek a fejezetbol: [46, 47, 48, 49, 54]
1Sám 18 (fejezet)		(c) hianyzo_karoli_vers	hianyzo versek a fejezetbol: [1, 2, 3, 4, 5, 10, 11, 17, 18, 19, 30]
1Sám 20 (fejezet)		(c) hianyzo_karoli_vers	hianyzo versek a fejezetbol: [43]
1Sám 23 (fejezet)		(c) hianyzo_karoli_vers	hianyzo versek a fejezetbol: [1, 12]
1Sám 24 (fejezet)		(c) hianyzo_karoli_vers	hianyzo versek a fejezetbol: [1]
Dán 3 (fejezet)		(c) hianyzo_karoli_vers	hianyzo versek a fejezetbol: [1, 2, 3, 4, 5, 6, 7, 8, 9, 10, 11, 12, 13, 14, 15, 16, 17, 18, 19, 20, 21, 22, 23, 24, 25, 26, 27, 28, 29, 30]
Ézs 3 (fejezet)		(c) hianyzo_karoli_vers	hianyzo versek a fejezetbol: [1]
Ézs 9 (fejezet)		(c) hianyzo_karoli_vers	hianyzo versek a fejezetbol: [1]
Ézs 63 (fejezet)		(c) hianyzo_karoli_vers	hianyzo versek a fejezetbol: [19]
Jón 1 (fejezet)		(c) hianyzo_karoli_vers	hianyzo versek a fejezetbol: [1]
Jón 2 (fejezet)		(c) hianyzo_karoli_vers	hianyzo versek a fejezetbol: [1]
Józs 10 (fejezet)		(c) hianyzo_karoli_vers	hianyzo versek a fejezetbol: [15, 43]
Józs 13 (fejezet)		(c) hianyzo_karoli_vers	hianyzo versek a fejezetbol: [33]
4Móz 6 (fejezet)		(c) hianyzo_karoli_vers	hianyzo versek a fejezetbol: [27]
4Móz 29 (fejezet)		(c) hianyzo_karoli_vers	hianyzo versek a fejezetbol: [1]
Zsolt 3 (fejezet)		(c) hianyzo_karoli_vers	hianyzo versek a fejezetbol: [1]
Zsolt 4 (fejezet)		(c) hianyzo_karoli_vers	hianyzo versek a fejezetbol: [1]
Zsolt 5 (fejezet)		(c) hianyzo_karoli_vers	hianyzo versek a fejezetbol: [1]
Zsolt 6 (fejezet)		(c) hianyzo_karoli_vers	hianyzo versek a fejezetbol: [1]
Zsolt 7 (fejezet)		(c) hianyzo_karoli_vers	hianyzo versek a fejezetbol: [1]
Zsolt 8 (fejezet)		(c) hianyzo_karoli_vers	hianyzo versek a fejezetbol: [1]
Zsolt 9 (fejezet)		(c) hianyzo_karoli_vers	hianyzo versek a fejezetbol: [1]
Zsolt 12 (fejezet)		(c) hianyzo_karoli_vers	hianyzo versek a fejezetbol: [1]
Zsolt 18 (fejezet)		(c) hianyzo_karoli_vers	hianyzo versek a fejezetbol: [1]
Zsolt 19 (fejezet)		(c) hianyzo_karoli_vers	hianyzo versek a fejezetbol: [1]
Zsolt 20 (fejezet)		(c) hianyzo_karoli_vers	hianyzo versek a fejezetbol: [1]
Zsolt 21 (fejezet)		(c) hianyzo_karoli_vers	hianyzo versek a fejezetbol: [1]
Zsolt 22 (fejezet)		(c) hianyzo_karoli_vers	hianyzo versek a fejezetbol: [1]
Zsolt 30 (fejezet)		(c) hianyzo_karoli_vers	hianyzo versek a fejezetbol: [1]
Zsolt 31 (fejezet)		(c) hianyzo_karoli_vers	hianyzo versek a fejezetbol: [1]
Zsolt 34 (fejezet)		(c) hianyzo_karoli_vers	hianyzo versek a fejezetbol: [1]
Zsolt 36 (fejezet)		(c) hianyzo_karoli_vers	hianyzo versek a fejezetbol: [1]
Zsolt 38 (fejezet)		(c) hianyzo_karoli_vers	hianyzo versek a fejezetbol: [1]
Zsolt 39 (fejezet)		(c) hianyzo_karoli_vers	hianyzo versek a fejezetbol: [1]
Zsolt 40 (fejezet)		(c) hianyzo_karoli_vers	hianyzo versek a fejezetbol: [1]
Zsolt 41 (fejezet)		(c) hianyzo_karoli_vers	hianyzo versek a fejezetbol: [1]
Zsolt 42 (fejezet)		(c) hianyzo_karoli_vers	hianyzo versek a fejezetbol: [1]
Zsolt 44 (fejezet)		(c) hianyzo_karoli_vers	hianyzo versek a fejezetbol: [1]
Zsolt 45 (fejezet)		(c) hianyzo_karoli_vers	hianyzo versek a fejezetbol: [1]
Zsolt 46 (fejezet)		(c) hianyzo_karoli_vers	hianyzo versek a fejezetbol: [1]
Zsolt 47 (fejezet)		(c) hianyzo_karoli_vers	hianyzo versek a fejezetbol: [1]
Zsolt 48 (fejezet)		(c) hianyzo_karoli_vers	hianyzo versek a fejezetbol: [1]
Zsolt 49 (fejezet)		(c) hianyzo_karoli_vers	hianyzo versek a fejezetbol: [1]
Zsolt 51 (fejezet)		(c) hianyzo_karoli_vers	hianyzo versek a fejezetbol: [1, 2]
Zsolt 52 (fejezet)		(c) hianyzo_karoli_vers	hianyzo versek a fejezetbol: [1, 2]
Zsolt 53 (fejezet)		(c) hianyzo_karoli_vers	hianyzo versek a fejezetbol: [1]
Zsolt 54 (fejezet)		(c) hianyzo_karoli_vers	hianyzo versek a fejezetbol: [1, 2]
Zsolt 55 (fejezet)		(c) hianyzo_karoli_vers	hianyzo versek a fejezetbol: [1]
Zsolt 56 (fejezet)		(c) hianyzo_karoli_vers	hianyzo versek a fejezetbol: [1]
Zsolt 57 (fejezet)		(c) hianyzo_karoli_vers	hianyzo versek a fejezetbol: [1]
Zsolt 58 (fejezet)		(c) hianyzo_karoli_vers	hianyzo versek a fejezetbol: [1]
Zsolt 59 (fejezet)		(c) hianyzo_karoli_vers	hianyzo versek a fejezetbol: [1]
Zsolt 60 (fejezet)		(c) hianyzo_karoli_vers	hianyzo versek a fejezetbol: [1, 2]
Zsolt 61 (fejezet)		(c) hianyzo_karoli_vers	hianyzo versek a fejezetbol: [1]
Zsolt 62 (fejezet)		(c) hianyzo_karoli_vers	hianyzo versek a fejezetbol: [1]
Zsolt 63 (fejezet)		(c) hianyzo_karoli_vers	hianyzo versek a fejezetbol: [1]
Zsolt 64 (fejezet)		(c) hianyzo_karoli_vers	hianyzo versek a fejezetbol: [1]
Zsolt 65 (fejezet)		(c) hianyzo_karoli_vers	hianyzo versek a fejezetbol: [1]
Zsolt 67 (fejezet)		(c) hianyzo_karoli_vers	hianyzo versek a fejezetbol: [1]
Zsolt 68 (fejezet)		(c) hianyzo_karoli_vers	hianyzo versek a fejezetbol: [1]
Zsolt 69 (fejezet)		(c) hianyzo_karoli_vers	hianyzo versek a fejezetbol: [1]
Zsolt 70 (fejezet)		(c) hianyzo_karoli_vers	hianyzo versek a fejezetbol: [1]
Zsolt 75 (fejezet)		(c) hianyzo_karoli_vers	hianyzo versek a fejezetbol: [1]
Zsolt 76 (fejezet)		(c) hianyzo_karoli_vers	hianyzo versek a fejezetbol: [1]
Zsolt 77 (fejezet)		(c) hianyzo_karoli_vers	hianyzo versek a fejezetbol: [1]
Zsolt 80 (fejezet)		(c) hianyzo_karoli_vers	hianyzo versek a fejezetbol: [1]
Zsolt 81 (fejezet)		(c) hianyzo_karoli_vers	hianyzo versek a fejezetbol: [1]
Zsolt 83 (fejezet)		(c) hianyzo_karoli_vers	hianyzo versek a fejezetbol: [1]
Zsolt 84 (fejezet)		(c) hianyzo_karoli_vers	hianyzo versek a fejezetbol: [1]
Zsolt 85 (fejezet)		(c) hianyzo_karoli_vers	hianyzo versek a fejezetbol: [1]
Zsolt 88 (fejezet)		(c) hianyzo_karoli_vers	hianyzo versek a fejezetbol: [1]
Zsolt 89 (fejezet)		(c) hianyzo_karoli_vers	hianyzo versek a fejezetbol: [1]
Zsolt 92 (fejezet)		(c) hianyzo_karoli_vers	hianyzo versek a fejezetbol: [1]
Zsolt 102 (fejezet)		(c) hianyzo_karoli_vers	hianyzo versek a fejezetbol: [1]
Zsolt 108 (fejezet)		(c) hianyzo_karoli_vers	hianyzo versek a fejezetbol: [1]
Zsolt 140 (fejezet)		(c) hianyzo_karoli_vers	hianyzo versek a fejezetbol: [1]
Zsolt 142 (fejezet)		(c) hianyzo_karoli_vers	hianyzo versek a fejezetbol: [1]
