fajl	blokk	nyelv	tipus	strong	szo	atirat
lexikon/ALVIL-001_TUDOMANYOS.md	jelmagyarazat	gorog	alak		π	pneuma
lexikon/ALVIL-001_TUDOMANYOS.md	jelmagyarazat	gorog	alak		ψ	pszükhé
lexikon/ALVIL-001_TUDOMANYOS.md	elofordulasok	gorog	alak		δ	hadou
lexikon/ALVIL-001_TUDOMANYOS.md	elofordulasok	gorog	alak		δ	hadou
lexikon/ALVIL-001_TUDOMANYOS.md	elofordulasok	gorog	alak		δ	hadē
lexikon/ALVIL-001_TUDOMANYOS.md	elofordulasok	gorog	alak		δ	hadēn
lexikon/ALVIL-001_TUDOMANYOS.md	elofordulasok	gorog	alak		δ	hadēn
lexikon/ALVIL-001_TUDOMANYOS.md	elofordulasok	gorog	alak		δ	hadou
lexikon/ALVIL-001_TUDOMANYOS.md	elofordulasok	gorog	alak		δ	hadēs
lexikon/ALVIL-001_TUDOMANYOS.md	elofordulasok	gorog	alak		δ	hadēs
lexikon/ALVIL-001_TUDOMANYOS.md	elofordulasok	gorog	alak		δ	hádész
lexikon/ALVIL-001_TUDOMANYOS.md	elofordulasok	gorog	alak		δ	hadész
lexikon/ALVIL-001_TUDOMANYOS.md	elofordulasok	gorog	alak		δ	hadész
lexikon/ALVIL-001_TUDOMANYOS.md	elofordulasok	gorog	alak		δ	hadész
lexikon/ALVIL-001_TUDOMANYOS.md	elofordulasok	gorog	alak		δ	hadész
lexikon/ALVIL-001_TUDOMANYOS.md	elofordulasok	gorog	alak		δ	hadész
lexikon/ALVIL-001_TUDOMANYOS.md	elofordulasok	gorog	alak		δ	hadész
lexikon/ALVIL-001_TUDOMANYOS.md	elofordulasok	heber	alak			she.'O.la
lexikon/ALVIL-001_TUDOMANYOS.md	elofordulasok	heber	alak			she.'o.la
lexikon/ALVIL-001_TUDOMANYOS.md	elofordulasok	heber	alak			she.'O.la
lexikon/ALVIL-001_TUDOMANYOS.md	elofordulasok	heber	alak			she.'O.la
lexikon/ALVIL-001_TUDOMANYOS.md	elofordulasok	heber	alak			she.'O.la
lexikon/ALVIL-001_TUDOMANYOS.md	elofordulasok	heber	alak			she.'O.la
lexikon/ALVIL-001_TUDOMANYOS.md	elofordulasok	heber	alak			she.'ol
lexikon/ALVIL-001_TUDOMANYOS.md	elofordulasok	heber	alak			she.'ol
lexikon/ALVIL-001_TUDOMANYOS.md	elofordulasok	heber	alak			she.'ol
lexikon/ALVIL-001_TUDOMANYOS.md	elofordulasok	heber	alak			she.'Ol
lexikon/ALVIL-001_TUDOMANYOS.md	elofordulasok	heber	alak			she.'ol
lexikon/ALVIL-001_TUDOMANYOS.md	elofordulasok	heber	alak			She.ol
lexikon/ALVIL-001_TUDOMANYOS.md	elofordulasok	heber	alak			she.'ol
lexikon/ALVIL-001_TUDOMANYOS.md	elofordulasok	heber	alak			sh.'ol
lexikon/ALVIL-001_TUDOMANYOS.md	elofordulasok	heber	alak			she.'ol
lexikon/ALVIL-001_TUDOMANYOS.md	elofordulasok	heber	alak			she.'Ol
lexikon/ALVIL-001_TUDOMANYOS.md	elofordulasok	heber	alak			she.'ol
lexikon/ALVIL-001_TUDOMANYOS.md	elofordulasok	heber	alak			she.'ol
lexikon/ALVIL-001_TUDOMANYOS.md	elofordulasok	heber	alak			she.'ol
lexikon/ALVIL-001_TUDOMANYOS.md	elofordulasok	heber	alak			sh.'ol
lexikon/ALVIL-001_TUDOMANYOS.md	elofordulasok	heber	alak			sh.'o.la
lexikon/ALVIL-001_TUDOMANYOS.md	elofordulasok	heber	alak			sh.'ol
lexikon/ALVIL-001_TUDOMANYOS.md	elofordulasok	heber	alak			she.'ol
lexikon/ALVIL-001_TUDOMANYOS.md	elofordulasok	heber	alak			she.'ol
lexikon/ALVIL-001_TUDOMANYOS.md	elofordulasok	heber	alak			sh.'ol
lexikon/ALVIL-001_TUDOMANYOS.md	elofordulasok	heber	alak			she.'ol
lexikon/ALVIL-001_TUDOMANYOS.md	elofordulasok	heber	alak			she.'ol
lexikon/ALVIL-001_TUDOMANYOS.md	elofordulasok	heber	alak			she.'ol
lexikon/ALVIL-001_TUDOMANYOS.md	elofordulasok	heber	alak			she.'ol
lexikon/ALVIL-001_TUDOMANYOS.md	elofordulasok	heber	alak			sh.'ol
lexikon/ALVIL-001_TUDOMANYOS.md	elofordulasok	heber	alak			she.'ol
lexikon/ALVIL-001_TUDOMANYOS.md	elofordulasok	heber	alak			she.'ol
lexikon/ALVIL-001_TUDOMANYOS.md	elofordulasok	heber	alak			she.'ol
lexikon/ALVIL-001_TUDOMANYOS.md	elofordulasok	heber	alak			she.'ol
lexikon/ALVIL-001_TUDOMANYOS.md	elofordulasok	heber	alak			sh.'ol
lexikon/ALVIL-001_TUDOMANYOS.md	elofordulasok	heber	alak			She.ol
lexikon/ALVIL-001_TUDOMANYOS.md	elofordulasok	heber	alak			she.'ol
lexikon/ALVIL-001_TUDOMANYOS.md	elofordulasok	heber	alak			she.'ol
lexikon/ALVIL-001_TUDOMANYOS.md	elofordulasok	heber	alak			she.'ol
lexikon/ALVIL-001_TUDOMANYOS.md	elofordulasok	heber	alak			she.'ol
lexikon/ALVIL-001_TUDOMANYOS.md	elofordulasok	heber	alak			she.'ol
lexikon/ALVIL-001_TUDOMANYOS.md	elofordulasok	heber	alak			she.'ol
lexikon/ALVIL-001_TUDOMANYOS.md	elofordulasok	heber	alak			she.'Ol
lexikon/ALVIL-001_TUDOMANYOS.md	elofordulasok	heber	alak			sh.'ol
lexikon/ALVIL-001_TUDOMANYOS.md	elofordulasok	heber	alak			sh.'ol
lexikon/ALVIL-001_TUDOMANYOS.md	elofordulasok	heber	alak			she.'Ol
lexikon/ALVIL-001_TUDOMANYOS.md	elofordulasok	heber	alak			she.'A.lah
lexikon/ALVIL-001_TUDOMANYOS.md	elofordulasok	heber	alak			she.'ol
lexikon/ALVIL-001_TUDOMANYOS.md	elofordulasok	heber	alak			she.'ol
lexikon/ALVIL-001_TUDOMANYOS.md	elofordulasok	heber	alak			she.'ol
lexikon/ALVIL-001_TUDOMANYOS.md	elofordulasok	heber	alak			she.'ol
lexikon/ALVIL-001_TUDOMANYOS.md	elofordulasok	heber	alak			she.'ol
lexikon/ALVIL-001_TUDOMANYOS.md	elofordulasok	heber	alak			she.'ol
lexikon/ALVIL-001_TUDOMANYOS.md	elofordulasok	heber	alak			she.'ol
lexikon/ALVIL-001_TUDOMANYOS.md	elofordulasok	heber	alak			she.'ol
lexikon/ALVIL-001_TUDOMANYOS.md	elofordulasok	heber	alak			she.'o.la
lexikon/ALVIL-001_TUDOMANYOS.md	elofordulasok	heber	alak			she.'o.la
lexikon/ALVIL-001_TUDOMANYOS.md	elofordulasok	heber	alak			she.'o.la
lexikon/ALVIL-001_TUDOMANYOS.md	elofordulasok	heber	alak			she.'ol
lexikon/ALVIL-001_TUDOMANYOS.md	elofordulasok	heber	alak			she.'ol
lexikon/ALVIL-001_TUDOMANYOS.md	elofordulasok	heber	alak			she.'ol
lexikon/ALVIL-001_TUDOMANYOS.md	elofordulasok	heber	alak			sh.'ol
lexikon/ALVIL-001_TUDOMANYOS.md	elofordulasok	heber	alak			she.'ol
lexikon/ALVIL-001_TUDOMANYOS.md	elofordulasok	heber	alak			sh.'ol
lexikon/ALVIL-001_TUDOMANYOS.md	elofordulasok	heber	alak			seól
lexikon/ALVIL-001_TUDOMANYOS.md	elofordulasok	heber	alak			refáím
lexikon/ALVIL-001_TUDOMANYOS.md	kizart	gorog	alak		δ	hadész
lexikon/ALVIL-001_TUDOMANYOS.md	kizart	gorog	alak		β	abüsszosz
lexikon/ALVIL-001_TUDOMANYOS.md	kizart	heber	alak			seól
lexikon/ALVIL-001_TUDOMANYOS.md	kizart	heber	alak			tehóm
lexikon/ALVIL-001_TUDOMANYOS.md	szocikkek	gorog	lemma	G0086	ᾍδης	Hadēs
lexikon/ALVIL-001_TUDOMANYOS.md	szocikkek	heber	lemma	H7585	שְׁאוֹל	she.ol
lexikon/ALVIL-001_TUDOMANYOS.md	lxx	gorog	alak		δ	ᾅδης, Hadēs G0086
lexikon/ALVIL-001_TUDOMANYOS.md	lxx	gorog	alak		δ	ᾅδης, Hadēs G0086
lexikon/ALVIL-001_TUDOMANYOS.md	lxx	gorog	alak		δ	ᾅδης, Hadēs G0086
lexikon/ALVIL-001_TUDOMANYOS.md	lxx	gorog	alak		δ	ᾅδης, Hadēs G0086
lexikon/ALVIL-001_TUDOMANYOS.md	lxx	gorog	alak		δ	ᾅδης, Hadēs G0086
lexikon/ALVIL-001_TUDOMANYOS.md	lxx	gorog	alak		δ	ᾅδης, Hadēs G0086
lexikon/ALVIL-001_TUDOMANYOS.md	lxx	gorog	alak		δ	ᾅδης, Hadēs G0086
lexikon/ALVIL-001_TUDOMANYOS.md	lxx	gorog	alak		δ	ᾅδης, Hadēs G0086
lexikon/ALVIL-001_TUDOMANYOS.md	lxx	gorog	alak		δ	ᾅδης, Hadēs G0086
lexikon/ALVIL-001_TUDOMANYOS.md	lxx	gorog	alak		δ	ᾅδης, Hadēs G0086
lexikon/ALVIL-001_TUDOMANYOS.md	lxx	gorog	alak		δ	ᾅδης, Hadēs G0086
lexikon/ALVIL-001_TUDOMANYOS.md	lxx	gorog	alak		δ	ᾅδης, Hadēs G0086
lexikon/ALVIL-001_TUDOMANYOS.md	lxx	gorog	alak		δ	ᾅδης, Hadēs G0086
lexikon/ALVIL-001_TUDOMANYOS.md	lxx	gorog	alak		δ	ᾅδης, Hadēs G0086
lexikon/ALVIL-001_TUDOMANYOS.md	lxx	gorog	alak		δ	ᾅδης, Hadēs G0086
lexikon/ALVIL-001_TUDOMANYOS.md	lxx	gorog	alak		δ	ᾅδης, Hadēs G0086
lexikon/ALVIL-001_TUDOMANYOS.md	lxx	gorog	alak		δ	ᾅδης, Hadēs G0086
lexikon/ALVIL-001_TUDOMANYOS.md	lxx	gorog	alak		δ	ᾅδης, Hadēs G0086
lexikon/ALVIL-001_TUDOMANYOS.md	lxx	gorog	alak		δ	ᾅδης, Hadēs G0086
lexikon/ALVIL-001_TUDOMANYOS.md	lxx	gorog	alak		δ	ᾅδης, Hadēs G0086
lexikon/ALVIL-001_TUDOMANYOS.md	lxx	gorog	alak		δ	ᾅδης, Hadēs G0086
lexikon/ALVIL-001_TUDOMANYOS.md	lxx	gorog	alak		δ	ᾅδης, Hadēs G0086
lexikon/ALVIL-001_TUDOMANYOS.md	lxx	gorog	alak		δ	ᾅδης, Hadēs G0086
lexikon/ALVIL-001_TUDOMANYOS.md	lxx	gorog	alak		δ	ᾅδης, Hadēs G0086
lexikon/ALVIL-001_TUDOMANYOS.md	lxx	gorog	alak		δ	ᾅδης, Hadēs G0086
lexikon/ALVIL-001_TUDOMANYOS.md	lxx	gorog	alak		δ	ᾅδης, Hadēs G0086
lexikon/ALVIL-001_TUDOMANYOS.md	lxx	gorog	alak		δ	ᾅδης, Hadēs G0086
lexikon/ALVIL-001_TUDOMANYOS.md	lxx	gorog	alak		δ	ᾅδης, Hadēs G0086
lexikon/ALVIL-001_TUDOMANYOS.md	lxx	gorog	alak		δ	ᾅδης, Hadēs G0086
lexikon/ALVIL-001_TUDOMANYOS.md	lxx	gorog	alak		δ	ᾅδης, Hadēs G0086
lexikon/ALVIL-001_TUDOMANYOS.md	lxx	gorog	alak		δ	ᾅδης, Hadēs G0086
lexikon/ALVIL-001_TUDOMANYOS.md	lxx	gorog	alak		δ	ᾅδης, Hadēs G0086
lexikon/ALVIL-001_TUDOMANYOS.md	lxx	gorog	alak		δ	ᾅδης, Hadēs G0086
lexikon/ALVIL-001_TUDOMANYOS.md	lxx	gorog	alak		δ	ᾅδης, Hadēs G0086
lexikon/ALVIL-001_TUDOMANYOS.md	lxx	gorog	alak		δ	ᾅδης, Hadēs G0086
lexikon/ALVIL-001_TUDOMANYOS.md	lxx	gorog	alak		δ	ᾅδης, Hadēs G0086
lexikon/ALVIL-001_TUDOMANYOS.md	lxx	gorog	alak		δ	ᾅδης, Hadēs G0086
lexikon/ALVIL-001_TUDOMANYOS.md	lxx	gorog	alak		δ	ᾅδης, Hadēs G0086
lexikon/ALVIL-001_TUDOMANYOS.md	lxx	gorog	alak		δ	ᾅδης, Hadēs G0086
lexikon/ALVIL-001_TUDOMANYOS.md	lxx	gorog	alak		δ	ᾅδης, Hadēs G0086
lexikon/ALVIL-001_TUDOMANYOS.md	lxx	gorog	alak		δ	ᾅδης, Hadēs G0086
lexikon/ALVIL-001_TUDOMANYOS.md	lxx	gorog	alak		δ	ᾅδης, Hadēs G0086
lexikon/ALVIL-001_TUDOMANYOS.md	lxx	gorog	alak		δ	ᾅδης, Hadēs G0086
lexikon/ALVIL-001_TUDOMANYOS.md	lxx	gorog	alak		δ	ᾅδης, Hadēs G0086
lexikon/ALVIL-001_TUDOMANYOS.md	lxx	gorog	alak		δ	ᾅδης, Hadēs G0086
lexikon/ALVIL-001_TUDOMANYOS.md	lxx	gorog	alak		δ	ᾅδης, Hadēs G0086
lexikon/ALVIL-001_TUDOMANYOS.md	lxx	gorog	alak		δ	ᾅδης, Hadēs G0086
lexikon/ALVIL-001_TUDOMANYOS.md	lxx	gorog	alak		δ	ᾅδης, Hadēs G0086
lexikon/ALVIL-001_TUDOMANYOS.md	lxx	gorog	alak		δ	ᾅδης, Hadēs G0086
lexikon/ALVIL-001_TUDOMANYOS.md	lxx	gorog	alak		δ	ᾅδης, Hadēs G0086
lexikon/ALVIL-001_TUDOMANYOS.md	lxx	gorog	alak		δ	ᾅδης, Hadēs G0086
lexikon/ALVIL-001_TUDOMANYOS.md	lxx	gorog	alak		δ	ᾅδης, Hadēs G0086
lexikon/ALVIL-001_TUDOMANYOS.md	lxx	gorog	alak		δ	ᾅδης, Hadēs G0086
lexikon/ALVIL-001_TUDOMANYOS.md	lxx	gorog	alak		δ	ᾅδης, Hadēs G0086
lexikon/ALVIL-001_TUDOMANYOS.md	lxx	heber	alak			sh.'ol
lexikon/ALVIL-001_TUDOMANYOS.md	lxx	heber	alak			she.'O.la
lexikon/ALVIL-001_TUDOMANYOS.md	lxx	heber	alak			she.'o.la
lexikon/ALVIL-001_TUDOMANYOS.md	lxx	heber	alak			she.'O.la
lexikon/ALVIL-001_TUDOMANYOS.md	lxx	heber	alak			she.'O.la
lexikon/ALVIL-001_TUDOMANYOS.md	lxx	heber	alak			she.'O.la
lexikon/ALVIL-001_TUDOMANYOS.md	lxx	heber	alak			she.'O.la
lexikon/ALVIL-001_TUDOMANYOS.md	lxx	heber	alak			she.'ol
lexikon/ALVIL-001_TUDOMANYOS.md	lxx	heber	alak			she.'ol
lexikon/ALVIL-001_TUDOMANYOS.md	lxx	heber	alak			she.'ol
lexikon/ALVIL-001_TUDOMANYOS.md	lxx	heber	alak			she.'Ol
lexikon/ALVIL-001_TUDOMANYOS.md	lxx	heber	alak			she.'ol
lexikon/ALVIL-001_TUDOMANYOS.md	lxx	heber	alak			She.ol
lexikon/ALVIL-001_TUDOMANYOS.md	lxx	heber	alak			she.'ol
lexikon/ALVIL-001_TUDOMANYOS.md	lxx	heber	alak			sh.'ol
lexikon/ALVIL-001_TUDOMANYOS.md	lxx	heber	alak			she.'ol
lexikon/ALVIL-001_TUDOMANYOS.md	lxx	heber	alak			she.'Ol
lexikon/ALVIL-001_TUDOMANYOS.md	lxx	heber	alak			she.'ol
lexikon/ALVIL-001_TUDOMANYOS.md	lxx	heber	alak			she.'ol
lexikon/ALVIL-001_TUDOMANYOS.md	lxx	heber	alak			she.'ol
lexikon/ALVIL-001_TUDOMANYOS.md	lxx	heber	alak			sh.'ol
lexikon/ALVIL-001_TUDOMANYOS.md	lxx	heber	alak			sh.'o.la
lexikon/ALVIL-001_TUDOMANYOS.md	lxx	heber	alak			she.'ol
lexikon/ALVIL-001_TUDOMANYOS.md	lxx	heber	alak			she.'ol
lexikon/ALVIL-001_TUDOMANYOS.md	lxx	heber	alak			sh.'ol
lexikon/ALVIL-001_TUDOMANYOS.md	lxx	heber	alak			she.'ol
lexikon/ALVIL-001_TUDOMANYOS.md	lxx	heber	alak			she.'ol
lexikon/ALVIL-001_TUDOMANYOS.md	lxx	heber	alak			she.'ol
lexikon/ALVIL-001_TUDOMANYOS.md	lxx	heber	alak			she.'ol
lexikon/ALVIL-001_TUDOMANYOS.md	lxx	heber	alak			sh.'ol
lexikon/ALVIL-001_TUDOMANYOS.md	lxx	heber	alak			she.'ol
lexikon/ALVIL-001_TUDOMANYOS.md	lxx	heber	alak			she.'ol
lexikon/ALVIL-001_TUDOMANYOS.md	lxx	heber	alak			she.'ol
lexikon/ALVIL-001_TUDOMANYOS.md	lxx	heber	alak			she.'ol
lexikon/ALVIL-001_TUDOMANYOS.md	lxx	heber	alak			sh.'ol
lexikon/ALVIL-001_TUDOMANYOS.md	lxx	heber	alak			She.ol
lexikon/ALVIL-001_TUDOMANYOS.md	lxx	heber	alak			she.'ol
lexikon/ALVIL-001_TUDOMANYOS.md	lxx	heber	alak			she.'ol
lexikon/ALVIL-001_TUDOMANYOS.md	lxx	heber	alak			she.'ol
lexikon/ALVIL-001_TUDOMANYOS.md	lxx	heber	alak			she.'ol
lexikon/ALVIL-001_TUDOMANYOS.md	lxx	heber	alak			she.'ol
lexikon/ALVIL-001_TUDOMANYOS.md	lxx	heber	alak			she.'ol
lexikon/ALVIL-001_TUDOMANYOS.md	lxx	heber	alak			she.'Ol
lexikon/ALVIL-001_TUDOMANYOS.md	lxx	heber	alak			sh.'ol
lexikon/ALVIL-001_TUDOMANYOS.md	lxx	heber	alak			sh.'ol
lexikon/ALVIL-001_TUDOMANYOS.md	lxx	heber	alak			she.'Ol
lexikon/ALVIL-001_TUDOMANYOS.md	lxx	heber	alak			she.'A.lah
lexikon/ALVIL-001_TUDOMANYOS.md	lxx	heber	alak			she.'ol
lexikon/ALVIL-001_TUDOMANYOS.md	lxx	heber	alak			she.'ol
lexikon/ALVIL-001_TUDOMANYOS.md	lxx	heber	alak			she.'ol
lexikon/ALVIL-001_TUDOMANYOS.md	lxx	heber	alak			she.'ol
lexikon/ALVIL-001_TUDOMANYOS.md	lxx	heber	alak			she.'ol
lexikon/ALVIL-001_TUDOMANYOS.md	lxx	heber	alak			she.'ol
lexikon/ALVIL-001_TUDOMANYOS.md	lxx	heber	alak			she.'ol
lexikon/ALVIL-001_TUDOMANYOS.md	lxx	heber	alak			she.'ol
lexikon/ALVIL-001_TUDOMANYOS.md	lxx	heber	alak			she.'o.la
lexikon/ALVIL-001_TUDOMANYOS.md	lxx	heber	alak			she.'o.la
lexikon/ALVIL-001_TUDOMANYOS.md	lxx	heber	alak			she.'o.la
lexikon/ALVIL-001_TUDOMANYOS.md	lxx	heber	alak			she.'ol
lexikon/ALVIL-001_TUDOMANYOS.md	lxx	heber	alak			she.'ol
lexikon/ALVIL-001_TUDOMANYOS.md	lxx	heber	alak			she.'ol
lexikon/ALVIL-001_TUDOMANYOS.md	lxx	heber	alak			sh.'ol
lexikon/ALVIL-001_TUDOMANYOS.md	lxx	heber	alak			sh.'ol
lexikon/ALVIL-001_TUDOMANYOS.md	lxx	heber	alak			she.'ol
lexikon/ALVIL-001_TUDOMANYOS.md	kolofon	gorog	alak		δ	hadész
lexikon/ALVIL-001_TUDOMANYOS.md	kolofon	gorog	alak		β	abüsszosz
lexikon/ALVIL-001_TUDOMANYOS.md	kolofon	gorog	alak		δ	hadész
lexikon/ALVIL-001_TUDOMANYOS.md	kolofon	heber	alak			seól
lexikon/ALVIL-001_TUDOMANYOS.md	kolofon	heber	alak			tehóm
lexikon/ALVIL-001_TUDOMANYOS.md	kolofon	heber	alak			seól
lexikon/ANTROP-001_TUDOMANYOS.md	jelmagyarazat	gorog	alak		π	pneuma
lexikon/ANTROP-001_TUDOMANYOS.md	jelmagyarazat	gorog	alak		ψ	pszükhé
lexikon/ANTROP-001_TUDOMANYOS.md	elofordulasok	gorog	alak		ψ	psuchē
lexikon/ANTROP-001_TUDOMANYOS.md	elofordulasok	gorog	alak		π	pneuma
lexikon/ANTROP-001_TUDOMANYOS.md	elofordulasok	gorog	alak		π	pneumatos
lexikon/ANTROP-001_TUDOMANYOS.md	elofordulasok	gorog	alak		π	pneuma
lexikon/ANTROP-001_TUDOMANYOS.md	elofordulasok	gorog	alak		ψ	psuchēn
lexikon/ANTROP-001_TUDOMANYOS.md	elofordulasok	gorog	alak		π	pneuma
lexikon/ANTROP-001_TUDOMANYOS.md	elofordulasok	gorog	alak		ψ	psuchē
lexikon/ANTROP-001_TUDOMANYOS.md	elofordulasok	gorog	alak		π	pneumatos
lexikon/ANTROP-001_TUDOMANYOS.md	elofordulasok	gorog	alak		ψ	psuchēs
lexikon/ANTROP-001_TUDOMANYOS.md	elofordulasok	heber	alak			Ne.fesh
lexikon/ANTROP-001_TUDOMANYOS.md	elofordulasok	heber	alak			chai.Yah
lexikon/ANTROP-001_TUDOMANYOS.md	elofordulasok	heber	alak			"élő lélek"
lexikon/ANTROP-001_TUDOMANYOS.md	kizart	gorog	alak		π	pneuma
lexikon/ANTROP-001_TUDOMANYOS.md	kizart	gorog	alak		ψ	pszükhé
lexikon/ANTROP-001_TUDOMANYOS.md	szocikkek	gorog	lemma	G4151	πνεῦμα	pneuma
lexikon/ANTROP-001_TUDOMANYOS.md	szocikkek	gorog	lemma	G5590	ψυχή	psuchē
lexikon/ANTROP-001_TUDOMANYOS.md	szocikkek	heber	lemma	H2416	חַי	chay
lexikon/ANTROP-001_TUDOMANYOS.md	szocikkek	heber	lemma	H5315	נֶ֫פֶשׁ	ne.phesh
lexikon/ANTROP-001_TUDOMANYOS.md	lxx	gorog	alak		ψ	ψυχή, psuchē G5590
lexikon/ANTROP-001_TUDOMANYOS.md	lxx	heber	alak			Ne.fesh
lexikon/ANTROP-001_TUDOMANYOS.md	kolofon	gorog	alak		π	pneuma
lexikon/ANTROP-001_TUDOMANYOS.md	kolofon	gorog	alak		ψ	pszükhé
lexikon/HAMART-001_TUDOMANYOS.md	jelmagyarazat	gorog	alak		π	pneuma
lexikon/HAMART-001_TUDOMANYOS.md	jelmagyarazat	gorog	alak		ψ	pszükhé
lexikon/HAMART-001_TUDOMANYOS.md	elofordulasok	gorog	alak		φ	phthoras
lexikon/HAMART-001_TUDOMANYOS.md	elofordulasok	gorog	alak		π	epikataratos
lexikon/HAMART-001_TUDOMANYOS.md	elofordulasok	gorog	alak		π	epikataratos
lexikon/HAMART-001_TUDOMANYOS.md	elofordulasok	gorog	alak		κ	kataras
lexikon/HAMART-001_TUDOMANYOS.md	elofordulasok	gorog	alak		δ	diaphtheirontas
lexikon/HAMART-001_TUDOMANYOS.md	elofordulasok	gorog	alak		φ	ephtheiren
lexikon/HAMART-001_TUDOMANYOS.md	elofordulasok	gorog	alak		τ	hé ktiszisz ... té mataiotéti hüpetagé
lexikon/HAMART-001_TUDOMANYOS.md	elofordulasok	gorog	alak		δ	hé dúleia tész fthorász
lexikon/HAMART-001_TUDOMANYOS.md	elofordulasok	gorog	alak		φ	fthora
lexikon/HAMART-001_TUDOMANYOS.md	elofordulasok	gorog	alak		φ	ftheiró
lexikon/HAMART-001_TUDOMANYOS.md	elofordulasok	gorog	alak		π	epikatáratosz pász hosz úk emmenei
lexikon/HAMART-001_TUDOMANYOS.md	elofordulasok	gorog	alak		γ	genomenosz hüper hémón katara
lexikon/HAMART-001_TUDOMANYOS.md	elofordulasok	gorog	alak		κ	kekatéraménosz, G2672
lexikon/HAMART-001_TUDOMANYOS.md	elofordulasok	gorog	alak		π	epikataratosz
lexikon/HAMART-001_TUDOMANYOS.md	elofordulasok	gorog	alak		κ	gé ... ekferúsza akanthász kai tribolúsz ... katarász engüsz
lexikon/HAMART-001_TUDOMANYOS.md	elofordulasok	gorog	alak		τ	gé + akantha + tribolosz
lexikon/HAMART-001_TUDOMANYOS.md	elofordulasok	gorog	alak		κ	katara
lexikon/HAMART-001_TUDOMANYOS.md	elofordulasok	gorog	alak		δ	diaftheirai túsz diaftheirontász tén gén
lexikon/HAMART-001_TUDOMANYOS.md	elofordulasok	gorog	alak		τ	hétisz eftheiren tén gén en té porneia autész
lexikon/HAMART-001_TUDOMANYOS.md	elofordulasok	heber	alak			'a.Rur
lexikon/HAMART-001_TUDOMANYOS.md	elofordulasok	heber	alak			i.tze.vo.Ne
lexikon/HAMART-001_TUDOMANYOS.md	elofordulasok	heber	alak			'a.da.Mah
lexikon/HAMART-001_TUDOMANYOS.md	elofordulasok	heber	alak			Kotz
lexikon/HAMART-001_TUDOMANYOS.md	elofordulasok	heber	alak			'a.da.Mah
lexikon/HAMART-001_TUDOMANYOS.md	elofordulasok	heber	alak			'a.da.Mah
lexikon/HAMART-001_TUDOMANYOS.md	elofordulasok	heber	alak			'a.da.Mah
lexikon/HAMART-001_TUDOMANYOS.md	elofordulasok	heber	alak			cha.Tat
lexikon/HAMART-001_TUDOMANYOS.md	elofordulasok	heber	alak			'a.Rur
lexikon/HAMART-001_TUDOMANYOS.md	elofordulasok	heber	alak			'a.da.Mah
lexikon/HAMART-001_TUDOMANYOS.md	elofordulasok	heber	alak			'a.da.Mah
lexikon/HAMART-001_TUDOMANYOS.md	elofordulasok	heber	alak			'i.tze.Von
lexikon/HAMART-001_TUDOMANYOS.md	elofordulasok	heber	alak			ra'
lexikon/HAMART-001_TUDOMANYOS.md	elofordulasok	heber	alak			'a.da.Mah
lexikon/HAMART-001_TUDOMANYOS.md	elofordulasok	heber	alak			ti.sha.Chet
lexikon/HAMART-001_TUDOMANYOS.md	elofordulasok	heber	alak			hish.Chit
lexikon/HAMART-001_TUDOMANYOS.md	elofordulasok	heber	alak			cha.Mas
lexikon/HAMART-001_TUDOMANYOS.md	elofordulasok	heber	alak			sha.Chet
lexikon/HAMART-001_TUDOMANYOS.md	elofordulasok	heber	alak			ka.Lel
lexikon/HAMART-001_TUDOMANYOS.md	elofordulasok	heber	alak			sha.Chet
lexikon/HAMART-001_TUDOMANYOS.md	elofordulasok	heber	alak			sha.Chet
lexikon/HAMART-001_TUDOMANYOS.md	elofordulasok	heber	alak			'a.Rur
lexikon/HAMART-001_TUDOMANYOS.md	elofordulasok	heber	alak			'a.'Or
lexikon/HAMART-001_TUDOMANYOS.md	elofordulasok	heber	alak			'a.Rur
lexikon/HAMART-001_TUDOMANYOS.md	elofordulasok	heber	alak			'a.Rur
lexikon/HAMART-001_TUDOMANYOS.md	elofordulasok	heber	alak			hish.Chi.tu
lexikon/HAMART-001_TUDOMANYOS.md	elofordulasok	heber	alak			hish.Chi.tu
lexikon/HAMART-001_TUDOMANYOS.md	elofordulasok	heber	alak			cha.Mas
lexikon/HAMART-001_TUDOMANYOS.md	elofordulasok	heber	alak			cha.Mas
lexikon/HAMART-001_TUDOMANYOS.md	elofordulasok	heber	alak			cha.Mas
lexikon/HAMART-001_TUDOMANYOS.md	elofordulasok	heber	alak			'a.Rur
lexikon/HAMART-001_TUDOMANYOS.md	elofordulasok	heber	alak			cha.Mas
lexikon/HAMART-001_TUDOMANYOS.md	elofordulasok	heber	alak			cha.Mas
lexikon/HAMART-001_TUDOMANYOS.md	elofordulasok	heber	alak			cha.Mas
lexikon/HAMART-001_TUDOMANYOS.md	elofordulasok	heber	alak			cha.Mas
lexikon/HAMART-001_TUDOMANYOS.md	elofordulasok	heber	alak			cha.Mas
lexikon/HAMART-001_TUDOMANYOS.md	elofordulasok	heber	alak			cha.Mas
lexikon/HAMART-001_TUDOMANYOS.md	elofordulasok	heber	alak			cha.Mas
lexikon/HAMART-001_TUDOMANYOS.md	elofordulasok	heber	alak			cha.mas-
lexikon/HAMART-001_TUDOMANYOS.md	elofordulasok	heber	alak			cha.mas-
lexikon/HAMART-001_TUDOMANYOS.md	elofordulasok	heber	alak			cha.Mas
lexikon/HAMART-001_TUDOMANYOS.md	elofordulasok	heber	alak			árúr
lexikon/HAMART-001_TUDOMANYOS.md	elofordulasok	heber	alak			itzevónékh
lexikon/HAMART-001_TUDOMANYOS.md	elofordulasok	heber	alak			arúrá há'adamá ba'avúrekhá
lexikon/HAMART-001_TUDOMANYOS.md	elofordulasok	heber	alak			kóc vedardar
lexikon/HAMART-001_TUDOMANYOS.md	elofordulasok	heber	alak			adamá
lexikon/HAMART-001_TUDOMANYOS.md	elofordulasok	heber	alak			adamá
lexikon/HAMART-001_TUDOMANYOS.md	elofordulasok	heber	alak			adamá
lexikon/HAMART-001_TUDOMANYOS.md	elofordulasok	heber	alak			hattát
lexikon/HAMART-001_TUDOMANYOS.md	elofordulasok	heber	alak			árúr attá min-há'adamá
lexikon/HAMART-001_TUDOMANYOS.md	elofordulasok	heber	alak			adamá
lexikon/HAMART-001_TUDOMANYOS.md	elofordulasok	heber	alak			adamá
lexikon/HAMART-001_TUDOMANYOS.md	elofordulasok	heber	alak			itzevón
lexikon/HAMART-001_TUDOMANYOS.md	elofordulasok	heber	alak			adamá
lexikon/HAMART-001_TUDOMANYOS.md	elofordulasok	heber	alak			érerá JHVH, Pi'él
lexikon/HAMART-001_TUDOMANYOS.md	elofordulasok	heber	alak			rá'á / ra
lexikon/HAMART-001_TUDOMANYOS.md	elofordulasok	heber	alak			adamá
lexikon/HAMART-001_TUDOMANYOS.md	elofordulasok	heber	alak			vattissáchét há'árec, Nif'ál
lexikon/HAMART-001_TUDOMANYOS.md	elofordulasok	heber	alak			vattimmálé háárec hámász
lexikon/HAMART-001_TUDOMANYOS.md	elofordulasok	heber	alak			nishcháta, Nif'ál
lexikon/HAMART-001_TUDOMANYOS.md	elofordulasok	heber	alak			hishchít kol-bászár, Hif'íl
lexikon/HAMART-001_TUDOMANYOS.md	elofordulasok	heber	alak			mashchítám
lexikon/HAMART-001_TUDOMANYOS.md	elofordulasok	heber	alak			lesachét, Pi'él
lexikon/HAMART-001_TUDOMANYOS.md	elofordulasok	heber	alak			ló oszíf lekallél
lexikon/HAMART-001_TUDOMANYOS.md	elofordulasok	heber	alak			ód et-háadámá
lexikon/HAMART-001_TUDOMANYOS.md	elofordulasok	heber	alak			lesachét, Pi'él
lexikon/HAMART-001_TUDOMANYOS.md	elofordulasok	heber	alak			lesachét, Pi'él
lexikon/HAMART-001_TUDOMANYOS.md	elofordulasok	heber	alak			árúr Kenáan
lexikon/HAMART-001_TUDOMANYOS.md	elofordulasok	heber	alak			umkalelkhá á'ór ... venivrekhú vekhá kol mispechót há'adamá
lexikon/HAMART-001_TUDOMANYOS.md	elofordulasok	heber	alak			árúr
lexikon/HAMART-001_TUDOMANYOS.md	elofordulasok	heber	alak			árúr
lexikon/HAMART-001_TUDOMANYOS.md	elofordulasok	heber	alak			bárúkh
lexikon/HAMART-001_TUDOMANYOS.md	elofordulasok	heber	alak			hishchítú
lexikon/HAMART-001_TUDOMANYOS.md	elofordulasok	heber	alak			hishchítú
lexikon/HAMART-001_TUDOMANYOS.md	elofordulasok	heber	alak			málú ... ne'ót chámász
lexikon/HAMART-001_TUDOMANYOS.md	elofordulasok	heber	alak			álá, H0423
lexikon/HAMART-001_TUDOMANYOS.md	elofordulasok	heber	alak			ló-jissámá ód chámász be'arcékh
lexikon/HAMART-001_TUDOMANYOS.md	elofordulasok	heber	alak			chámász vásód jissámá báh
lexikon/HAMART-001_TUDOMANYOS.md	elofordulasok	heber	alak			árúr haggever aser jivtach bá'ádám
lexikon/HAMART-001_TUDOMANYOS.md	elofordulasok	heber	alak			chámász bá'árec
lexikon/HAMART-001_TUDOMANYOS.md	elofordulasok	heber	alak			málá ... chámász
lexikon/HAMART-001_TUDOMANYOS.md	elofordulasok	heber	alak			málú et-há'árec chámász
lexikon/HAMART-001_TUDOMANYOS.md	elofordulasok	heber	alak			málú tókhekhá chámász
lexikon/HAMART-001_TUDOMANYOS.md	elofordulasok	heber	alak			vejásúvú ... min-hechámász aser bekhappéhem
lexikon/HAMART-001_TUDOMANYOS.md	elofordulasok	heber	alak			málú chámász
lexikon/HAMART-001_TUDOMANYOS.md	elofordulasok	heber	alak			ez'ak élekhá chámász veló tósía
lexikon/HAMART-001_TUDOMANYOS.md	elofordulasok	heber	alak			méchamasz ádám
lexikon/HAMART-001_TUDOMANYOS.md	elofordulasok	heber	alak			méchamasz ádám
lexikon/HAMART-001_TUDOMANYOS.md	elofordulasok	heber	alak			hamemal'ím ... chámász umirmá
lexikon/HAMART-001_TUDOMANYOS.md	szocikkek	gorog	lemma	G1311	διαφθείρω	diaphtheirō
lexikon/HAMART-001_TUDOMANYOS.md	szocikkek	gorog	lemma	G1944	ἐπικατάρατος	epikataratos
lexikon/HAMART-001_TUDOMANYOS.md	szocikkek	gorog	lemma	G2671	κατάρα	katara
lexikon/HAMART-001_TUDOMANYOS.md	szocikkek	gorog	lemma	G5351	φθείρω	phtheirō
lexikon/HAMART-001_TUDOMANYOS.md	szocikkek	gorog	lemma	G5356	φθορά	phthora
lexikon/HAMART-001_TUDOMANYOS.md	szocikkek	heber	lemma	H0127	אֲדָמָה	a.da.mah
lexikon/HAMART-001_TUDOMANYOS.md	szocikkek	heber	lemma	H0779	אָרַר	a.rar
lexikon/HAMART-001_TUDOMANYOS.md	szocikkek	heber	lemma	H2403	חַטָּאָה	chat.ta.ah
lexikon/HAMART-001_TUDOMANYOS.md	szocikkek	heber	lemma	H2555	חָמָס	cha.mas
lexikon/HAMART-001_TUDOMANYOS.md	szocikkek	heber	lemma	H6093	עִצָּבוֹן	its.tsa.von
lexikon/HAMART-001_TUDOMANYOS.md	szocikkek	heber	lemma	H6975	קוֹץ	qots
lexikon/HAMART-001_TUDOMANYOS.md	szocikkek	heber	lemma	H7043	קָלַל	qa.lal
lexikon/HAMART-001_TUDOMANYOS.md	szocikkek	heber	lemma	H7451	רַע	ra
lexikon/HAMART-001_TUDOMANYOS.md	szocikkek	heber	lemma	H7843	שָׁחַת	sha.chat
lexikon/HAMART-001_TUDOMANYOS.md	lxx	gorog	alak		π	ἐπικατάρατος, epikataratos G1944
lexikon/HAMART-001_TUDOMANYOS.md	lxx	gorog	alak		π	ἐπικατάρατος, epikataratos G1944
lexikon/HAMART-001_TUDOMANYOS.md	lxx	gorog	alak		π	ἐπικατάρατος, epikataratos G1944
lexikon/HAMART-001_TUDOMANYOS.md	lxx	gorog	alak		φ	φθείρω, phtheirō G5351
lexikon/HAMART-001_TUDOMANYOS.md	lxx	gorog	alak		π	ἐπικατάρατος, epikataratos G1944
lexikon/HAMART-001_TUDOMANYOS.md	lxx	gorog	alak		π	ἐπικατάρατος, epikataratos G1944
lexikon/HAMART-001_TUDOMANYOS.md	lxx	gorog	alak		π	ἐπικατάρατος, epikataratos G1944
lexikon/HAMART-001_TUDOMANYOS.md	lxx	gorog	alak		π	ἐπικατάρατος, epikataratos G1944
lexikon/HAMART-001_TUDOMANYOS.md	lxx	gorog	alak		π	ἐπικατάρατος, epikataratos G1944
lexikon/HAMART-001_TUDOMANYOS.md	lxx	gorog	alak		π	ἐπικατάρατος, epikataratos G1944
lexikon/HAMART-001_TUDOMANYOS.md	lxx	gorog	alak		π	ἐπικατάρατος, epikataratos G1944
lexikon/HAMART-001_TUDOMANYOS.md	lxx	gorog	alak		π	ἐπικατάρατος, epikataratos G1944
lexikon/HAMART-001_TUDOMANYOS.md	lxx	gorog	alak		π	ἐπικατάρατος, epikataratos G1944
lexikon/HAMART-001_TUDOMANYOS.md	lxx	gorog	alak		π	ἐπικατάρατος, epikataratos G1944
lexikon/HAMART-001_TUDOMANYOS.md	lxx	gorog	alak		π	ἐπικατάρατος, epikataratos G1944
lexikon/HAMART-001_TUDOMANYOS.md	lxx	gorog	alak		π	ἐπικατάρατος, epikataratos G1944
lexikon/HAMART-001_TUDOMANYOS.md	lxx	gorog	alak		π	ἐπικατάρατος, epikataratos G1944
lexikon/HAMART-001_TUDOMANYOS.md	lxx	gorog	alak		π	ἐπικατάρατος, epikataratos G1944
lexikon/HAMART-001_TUDOMANYOS.md	lxx	gorog	alak		π	ἐπικατάρατος, epikataratos G1944
lexikon/HAMART-001_TUDOMANYOS.md	lxx	gorog	alak		π	ἐπικατάρατος, epikataratos G1944
lexikon/HAMART-001_TUDOMANYOS.md	lxx	gorog	alak		π	ἐπικατάρατος, epikataratos G1944
lexikon/HAMART-001_TUDOMANYOS.md	lxx	gorog	alak		π	ἐπικατάρατος, epikataratos G1944
lexikon/HAMART-001_TUDOMANYOS.md	lxx	gorog	alak		δ	διαφθείρω, diaphtheirō G1311
lexikon/HAMART-001_TUDOMANYOS.md	lxx	gorog	alak		δ	διαφθείρω, diaphtheirō G1311
lexikon/HAMART-001_TUDOMANYOS.md	lxx	heber	alak			'a.Rur
lexikon/HAMART-001_TUDOMANYOS.md	lxx	heber	alak			i.tze.vo.Ne
lexikon/HAMART-001_TUDOMANYOS.md	lxx	heber	alak			'a.da.Mah
lexikon/HAMART-001_TUDOMANYOS.md	lxx	heber	alak			Kotz
lexikon/HAMART-001_TUDOMANYOS.md	lxx	heber	alak			'a.da.Mah
lexikon/HAMART-001_TUDOMANYOS.md	lxx	heber	alak			'a.da.Mah
lexikon/HAMART-001_TUDOMANYOS.md	lxx	heber	alak			'a.da.Mah
lexikon/HAMART-001_TUDOMANYOS.md	lxx	heber	alak			'a.da.Mah
lexikon/HAMART-001_TUDOMANYOS.md	lxx	heber	alak			cha.Tat
lexikon/HAMART-001_TUDOMANYOS.md	lxx	heber	alak			'a.Rur
lexikon/HAMART-001_TUDOMANYOS.md	lxx	heber	alak			'a.da.Mah
lexikon/HAMART-001_TUDOMANYOS.md	lxx	heber	alak			'a.da.Mah
lexikon/HAMART-001_TUDOMANYOS.md	lxx	heber	alak			'i.tze.Von
lexikon/HAMART-001_TUDOMANYOS.md	lxx	heber	alak			ra'
lexikon/HAMART-001_TUDOMANYOS.md	lxx	heber	alak			'a.da.Mah
lexikon/HAMART-001_TUDOMANYOS.md	lxx	heber	alak			ti.sha.Chet
lexikon/HAMART-001_TUDOMANYOS.md	lxx	heber	alak			hish.Chit
lexikon/HAMART-001_TUDOMANYOS.md	lxx	heber	alak			cha.Mas
lexikon/HAMART-001_TUDOMANYOS.md	lxx	heber	alak			sha.Chet
lexikon/HAMART-001_TUDOMANYOS.md	lxx	heber	alak			ka.Lel
lexikon/HAMART-001_TUDOMANYOS.md	lxx	heber	alak			sha.Chet
lexikon/HAMART-001_TUDOMANYOS.md	lxx	heber	alak			sha.Chet
lexikon/HAMART-001_TUDOMANYOS.md	lxx	heber	alak			'a.Rur
lexikon/HAMART-001_TUDOMANYOS.md	lxx	heber	alak			'a.'Or
lexikon/HAMART-001_TUDOMANYOS.md	lxx	heber	alak			'a.Rur
lexikon/HAMART-001_TUDOMANYOS.md	lxx	heber	alak			'a.Rur
lexikon/HAMART-001_TUDOMANYOS.md	lxx	heber	alak			'a.Rur
lexikon/HAMART-001_TUDOMANYOS.md	lxx	heber	alak			'a.Rur
lexikon/HAMART-001_TUDOMANYOS.md	lxx	heber	alak			'a.Rur
lexikon/HAMART-001_TUDOMANYOS.md	lxx	heber	alak			'a.Rur
lexikon/HAMART-001_TUDOMANYOS.md	lxx	heber	alak			'a.Rur
lexikon/HAMART-001_TUDOMANYOS.md	lxx	heber	alak			'a.Rur
lexikon/HAMART-001_TUDOMANYOS.md	lxx	heber	alak			'a.Rur
lexikon/HAMART-001_TUDOMANYOS.md	lxx	heber	alak			'a.Rur
lexikon/HAMART-001_TUDOMANYOS.md	lxx	heber	alak			'a.Rur
lexikon/HAMART-001_TUDOMANYOS.md	lxx	heber	alak			'a.Rur
lexikon/HAMART-001_TUDOMANYOS.md	lxx	heber	alak			'a.Rur
lexikon/HAMART-001_TUDOMANYOS.md	lxx	heber	alak			'a.Rur
lexikon/HAMART-001_TUDOMANYOS.md	lxx	heber	alak			'a.Rur
lexikon/HAMART-001_TUDOMANYOS.md	lxx	heber	alak			'a.Rur
lexikon/HAMART-001_TUDOMANYOS.md	lxx	heber	alak			'a.Rur
lexikon/HAMART-001_TUDOMANYOS.md	lxx	heber	alak			hish.Chi.tu
lexikon/HAMART-001_TUDOMANYOS.md	lxx	heber	alak			hish.Chi.tu
lexikon/HAMART-001_TUDOMANYOS.md	lxx	heber	alak			cha.Mas
lexikon/HAMART-001_TUDOMANYOS.md	lxx	heber	alak			cha.Mas
lexikon/HAMART-001_TUDOMANYOS.md	lxx	heber	alak			cha.Mas
lexikon/HAMART-001_TUDOMANYOS.md	lxx	heber	alak			cha.Mas
lexikon/HAMART-001_TUDOMANYOS.md	lxx	heber	alak			cha.Mas
lexikon/HAMART-001_TUDOMANYOS.md	lxx	heber	alak			cha.Mas
lexikon/HAMART-001_TUDOMANYOS.md	lxx	heber	alak			cha.mas-
lexikon/HAMART-001_TUDOMANYOS.md	lxx	heber	alak			cha.mas-
lexikon/HAMART-001_TUDOMANYOS.md	lxx	heber	alak			cha.Mas
lexikon/HAMART-001_TUDOMANYOS.md	lxx	heber	alak			cha.Mas
lexikon/HAMART-001_TUDOMANYOS.md	lxx	heber	alak			cha.Mas
lexikon/HAMART-001_TUDOMANYOS.md	lxx	heber	alak			cha.Mas
lexikon/HAMART-001_TUDOMANYOS.md	lxx	heber	alak			cha.Mas
lexikon/HODIT-001_TUDOMANYOS.md	jelmagyarazat	gorog	alak		π	pneuma
lexikon/HODIT-001_TUDOMANYOS.md	jelmagyarazat	gorog	alak		ψ	pszükhé
lexikon/HODIT-001_TUDOMANYOS.md	elofordulasok	heber	alak			re.fa.'Im
lexikon/HODIT-001_TUDOMANYOS.md	elofordulasok	heber	alak			re.fa.'Im
lexikon/HODIT-001_TUDOMANYOS.md	elofordulasok	heber	alak			ne.fi.Lim
lexikon/HODIT-001_TUDOMANYOS.md	elofordulasok	heber	alak			re.fa.'Im
lexikon/HODIT-001_TUDOMANYOS.md	elofordulasok	heber	alak			re.fa.'Im
lexikon/HODIT-001_TUDOMANYOS.md	elofordulasok	heber	alak			re.fa.'Im
lexikon/HODIT-001_TUDOMANYOS.md	elofordulasok	heber	alak			re.fa.'Im
lexikon/HODIT-001_TUDOMANYOS.md	elofordulasok	heber	alak			re.fa.'Im
lexikon/HODIT-001_TUDOMANYOS.md	elofordulasok	heber	alak			re.fa.'Im
lexikon/HODIT-001_TUDOMANYOS.md	elofordulasok	heber	alak			re.fa.'Im
lexikon/HODIT-001_TUDOMANYOS.md	elofordulasok	heber	alak			re.fa.'Im
lexikon/HODIT-001_TUDOMANYOS.md	elofordulasok	heber	alak			re.fa.'Im
lexikon/HODIT-001_TUDOMANYOS.md	elofordulasok	heber	alak			re.fa.'Im
lexikon/HODIT-001_TUDOMANYOS.md	elofordulasok	heber	alak			re.fa.'Im
lexikon/HODIT-001_TUDOMANYOS.md	elofordulasok	heber	alak			ra.Fah
lexikon/HODIT-001_TUDOMANYOS.md	elofordulasok	heber	alak			ra.Fah
lexikon/HODIT-001_TUDOMANYOS.md	elofordulasok	heber	alak			ra.Fah
lexikon/HODIT-001_TUDOMANYOS.md	elofordulasok	heber	alak			ra.Fah
lexikon/HODIT-001_TUDOMANYOS.md	elofordulasok	heber	alak			re.fa.'Im
lexikon/HODIT-001_TUDOMANYOS.md	elofordulasok	heber	alak			re.fa.'Im
lexikon/HODIT-001_TUDOMANYOS.md	elofordulasok	heber	alak			re.fa.'Im
lexikon/HODIT-001_TUDOMANYOS.md	elofordulasok	heber	alak			re.fa.'Im
lexikon/HODIT-001_TUDOMANYOS.md	elofordulasok	heber	alak			ra.Fa'
lexikon/HODIT-001_TUDOMANYOS.md	elofordulasok	heber	alak			ra.Fa'
lexikon/HODIT-001_TUDOMANYOS.md	elofordulasok	heber	alak			re.fa.'Im
lexikon/HODIT-001_TUDOMANYOS.md	elofordulasok	heber	alak			re.fa.'Im
lexikon/HODIT-001_TUDOMANYOS.md	elofordulasok	heber	alak			re.fa.'Im
lexikon/HODIT-001_TUDOMANYOS.md	elofordulasok	heber	alak			re.fa.'Im
lexikon/HODIT-001_TUDOMANYOS.md	elofordulasok	heber	alak			re.fa.'Im
lexikon/HODIT-001_TUDOMANYOS.md	elofordulasok	heber	alak			re.fa.'Im
lexikon/HODIT-001_TUDOMANYOS.md	elofordulasok	heber	alak			re.fa.'Im
lexikon/HODIT-001_TUDOMANYOS.md	elofordulasok	heber	alak			re.fa.'Im
lexikon/HODIT-001_TUDOMANYOS.md	elofordulasok	heber	alak			re.fa.'Im
lexikon/HODIT-001_TUDOMANYOS.md	elofordulasok	heber	alak			refáím, zúzím, émím
lexikon/HODIT-001_TUDOMANYOS.md	elofordulasok	heber	alak			refáím
lexikon/HODIT-001_TUDOMANYOS.md	elofordulasok	heber	alak			nefilím ⇒ anákím
lexikon/HODIT-001_TUDOMANYOS.md	elofordulasok	heber	alak			zamzummím … refáím
lexikon/HODIT-001_TUDOMANYOS.md	elofordulasok	heber	alak			óg … mijjeter hárefáím
lexikon/HODIT-001_TUDOMANYOS.md	elofordulasok	heber	alak			erec refáím
lexikon/HODIT-001_TUDOMANYOS.md	elofordulasok	heber	alak			émek refáím
lexikon/HODIT-001_TUDOMANYOS.md	elofordulasok	heber	alak			erec hárefáím
lexikon/HODIT-001_TUDOMANYOS.md	elofordulasok	heber	alak			émek refáím
lexikon/HODIT-001_TUDOMANYOS.md	elofordulasok	heber	alak			émek refáím
lexikon/HODIT-001_TUDOMANYOS.md	elofordulasok	heber	alak			refáím jehólálú mittahat lammájim
lexikon/HODIT-001_TUDOMANYOS.md	elofordulasok	heber	alak			harefáím jákúmú jódúkhá
lexikon/HODIT-001_TUDOMANYOS.md	elofordulasok	heber	alak			refáím
lexikon/HODIT-001_TUDOMANYOS.md	elofordulasok	heber	alak			refáím … kol-attúdé árec
lexikon/HODIT-001_TUDOMANYOS.md	elofordulasok	heber	alak			émek refáím
lexikon/HODIT-001_TUDOMANYOS.md	elofordulasok	heber	alak			refáím
lexikon/HODIT-001_TUDOMANYOS.md	kizart	heber	alak			Hórim
lexikon/HODIT-001_TUDOMANYOS.md	kizart	heber	alak			refáím
lexikon/HODIT-001_TUDOMANYOS.md	kizart	heber	alak			nefilím
lexikon/HODIT-001_TUDOMANYOS.md	kizart	heber	alak			gibbór
lexikon/HODIT-001_TUDOMANYOS.md	szocikkek	heber	lemma	H5303	נְפִלִים	ne.phil
lexikon/HODIT-001_TUDOMANYOS.md	szocikkek	heber	lemma	H7496	רְפָאִים	ra.pah
lexikon/HODIT-001_TUDOMANYOS.md	szocikkek	heber	lemma	H7497	רָפָה	ra.pah
lexikon/HODIT-001_TUDOMANYOS.md	lxx	heber	alak			re.fa.'Im
lexikon/HODIT-001_TUDOMANYOS.md	lxx	heber	alak			re.fa.'Im
lexikon/HODIT-001_TUDOMANYOS.md	lxx	heber	alak			ne.fi.Lim
lexikon/HODIT-001_TUDOMANYOS.md	lxx	heber	alak			re.fa.'Im
lexikon/HODIT-001_TUDOMANYOS.md	lxx	heber	alak			re.fa.'Im
lexikon/HODIT-001_TUDOMANYOS.md	lxx	heber	alak			re.fa.'Im
lexikon/HODIT-001_TUDOMANYOS.md	lxx	heber	alak			re.fa.'Im
lexikon/HODIT-001_TUDOMANYOS.md	lxx	heber	alak			re.fa.'Im
lexikon/HODIT-001_TUDOMANYOS.md	lxx	heber	alak			re.fa.'Im
lexikon/HODIT-001_TUDOMANYOS.md	lxx	heber	alak			ra.Fah
lexikon/HODIT-001_TUDOMANYOS.md	lxx	heber	alak			ra.Fah
lexikon/HODIT-001_TUDOMANYOS.md	lxx	heber	alak			ra.Fah
lexikon/HODIT-001_TUDOMANYOS.md	lxx	heber	alak			ra.Fah
lexikon/HODIT-001_TUDOMANYOS.md	lxx	heber	alak			re.fa.'Im
lexikon/HODIT-001_TUDOMANYOS.md	lxx	heber	alak			ra.Fa'
lexikon/HODIT-001_TUDOMANYOS.md	lxx	heber	alak			ra.Fa'
lexikon/HODIT-001_TUDOMANYOS.md	lxx	heber	alak			re.fa.'Im
lexikon/HODIT-001_TUDOMANYOS.md	lxx	heber	alak			re.fa.'Im
lexikon/HODIT-001_TUDOMANYOS.md	lxx	heber	alak			re.fa.'Im
lexikon/HODIT-001_TUDOMANYOS.md	lxx	heber	alak			re.fa.'Im
lexikon/HODIT-001_TUDOMANYOS.md	lxx	heber	alak			re.fa.'Im
lexikon/HODIT-001_TUDOMANYOS.md	lxx	heber	alak			re.fa.'Im
lexikon/HODIT-001_TUDOMANYOS.md	lxx	heber	alak			re.fa.'Im
lexikon/HODIT-001_TUDOMANYOS.md	lxx	heber	alak			re.fa.'Im
lexikon/HODIT-001_TUDOMANYOS.md	lxx	heber	alak			re.fa.'Im
lexikon/HODIT-001_TUDOMANYOS.md	lxx	heber	alak			re.fa.'Im
lexikon/HODIT-001_TUDOMANYOS.md	lxx	heber	alak			re.fa.'Im
lexikon/HODIT-001_TUDOMANYOS.md	lxx	heber	alak			re.fa.'Im
lexikon/HODIT-001_TUDOMANYOS.md	lxx	heber	alak			re.fa.'Im
lexikon/HODIT-001_TUDOMANYOS.md	lxx	heber	alak			re.fa.'Im
lexikon/HODIT-001_TUDOMANYOS.md	lxx	heber	alak			re.fa.'Im
lexikon/HODIT-001_TUDOMANYOS.md	lxx	heber	alak			re.fa.'Im
lexikon/HODIT-001_TUDOMANYOS.md	lxx	heber	alak			re.fa.'Im
lexikon/HODIT-001_TUDOMANYOS.md	kolofon	heber	alak			refáím
lexikon/HODIT-001_TUDOMANYOS.md	kolofon	heber	alak			nefilím
lexikon/HODIT-001_TUDOMANYOS.md	kolofon	heber	alak			gibbór
lexikon/HODIT-001_TUDOMANYOS.md	kolofon	heber	alak			refáím
lexikon/ISTENTISZT-001_TUDOMANYOS.md	jelmagyarazat	gorog	alak		π	pneuma
lexikon/ISTENTISZT-001_TUDOMANYOS.md	jelmagyarazat	gorog	alak		ψ	pszükhé
lexikon/ISTENTISZT-001_TUDOMANYOS.md	elofordulasok	gorog	alak		π	epikalesētai
lexikon/ISTENTISZT-001_TUDOMANYOS.md	elofordulasok	gorog	alak		π	epikaloumenous
lexikon/ISTENTISZT-001_TUDOMANYOS.md	elofordulasok	gorog	alak		π	epikaloumenous
lexikon/ISTENTISZT-001_TUDOMANYOS.md	elofordulasok	gorog	alak		π	epikalesamenos
lexikon/ISTENTISZT-001_TUDOMANYOS.md	elofordulasok	gorog	alak		π	epikaloumenous
lexikon/ISTENTISZT-001_TUDOMANYOS.md	elofordulasok	gorog	alak		π	epikalesētai
lexikon/ISTENTISZT-001_TUDOMANYOS.md	elofordulasok	gorog	alak		π	epikalesōntai
lexikon/ISTENTISZT-001_TUDOMANYOS.md	elofordulasok	gorog	alak		π	epikaloumenois
lexikon/ISTENTISZT-001_TUDOMANYOS.md	elofordulasok	gorog	alak		π	epikaloumenōn
lexikon/ISTENTISZT-001_TUDOMANYOS.md	elofordulasok	gorog	alak		π	epikaleisthe
lexikon/ISTENTISZT-001_TUDOMANYOS.md	elofordulasok	heber	alak			k.Ro'
lexikon/ISTENTISZT-001_TUDOMANYOS.md	elofordulasok	heber	alak			Shem
lexikon/ISTENTISZT-001_TUDOMANYOS.md	elofordulasok	heber	alak			i.yik.Ra'
lexikon/ISTENTISZT-001_TUDOMANYOS.md	elofordulasok	heber	alak			Shem
lexikon/ISTENTISZT-001_TUDOMANYOS.md	elofordulasok	heber	alak			i.yik.Ra'
lexikon/ISTENTISZT-001_TUDOMANYOS.md	elofordulasok	heber	alak			Shem
lexikon/ISTENTISZT-001_TUDOMANYOS.md	elofordulasok	heber	alak			i.Yik.ra'-
lexikon/ISTENTISZT-001_TUDOMANYOS.md	elofordulasok	heber	alak			Shem
lexikon/ISTENTISZT-001_TUDOMANYOS.md	elofordulasok	heber	alak			i.yik.Ra'
lexikon/ISTENTISZT-001_TUDOMANYOS.md	elofordulasok	heber	alak			Shem
lexikon/ISTENTISZT-001_TUDOMANYOS.md	elofordulasok	heber	alak			ka.Ra.ti
lexikon/ISTENTISZT-001_TUDOMANYOS.md	elofordulasok	heber	alak			Shem
lexikon/ISTENTISZT-001_TUDOMANYOS.md	elofordulasok	heber	alak			i.yik.Ra'
lexikon/ISTENTISZT-001_TUDOMANYOS.md	elofordulasok	heber	alak			Shem
lexikon/ISTENTISZT-001_TUDOMANYOS.md	elofordulasok	heber	alak			'ek.Ra'
lexikon/ISTENTISZT-001_TUDOMANYOS.md	elofordulasok	heber	alak			shem-
lexikon/ISTENTISZT-001_TUDOMANYOS.md	elofordulasok	heber	alak			kir.'U
lexikon/ISTENTISZT-001_TUDOMANYOS.md	elofordulasok	heber	alak			Shem
lexikon/ISTENTISZT-001_TUDOMANYOS.md	elofordulasok	heber	alak			i.yik.re.'U
lexikon/ISTENTISZT-001_TUDOMANYOS.md	elofordulasok	heber	alak			shem-
lexikon/ISTENTISZT-001_TUDOMANYOS.md	elofordulasok	heber	alak			ka.Ra'
lexikon/ISTENTISZT-001_TUDOMANYOS.md	elofordulasok	heber	alak			shem-
lexikon/ISTENTISZT-001_TUDOMANYOS.md	elofordulasok	heber	alak			kir.'U
lexikon/ISTENTISZT-001_TUDOMANYOS.md	elofordulasok	heber	alak			sh.M
lexikon/ISTENTISZT-001_TUDOMANYOS.md	elofordulasok	heber	alak			ka.Ra.'u
lexikon/ISTENTISZT-001_TUDOMANYOS.md	elofordulasok	heber	alak			shim.
lexikon/ISTENTISZT-001_TUDOMANYOS.md	elofordulasok	heber	alak			kir.'U
lexikon/ISTENTISZT-001_TUDOMANYOS.md	elofordulasok	heber	alak			sh.M
lexikon/ISTENTISZT-001_TUDOMANYOS.md	elofordulasok	heber	alak			'ek.Ra'
lexikon/ISTENTISZT-001_TUDOMANYOS.md	elofordulasok	heber	alak			shem-
lexikon/ISTENTISZT-001_TUDOMANYOS.md	elofordulasok	heber	alak			'ek.Ra'
lexikon/ISTENTISZT-001_TUDOMANYOS.md	elofordulasok	heber	alak			Shem
lexikon/ISTENTISZT-001_TUDOMANYOS.md	elofordulasok	heber	alak			'ek.Ra'
lexikon/ISTENTISZT-001_TUDOMANYOS.md	elofordulasok	heber	alak			Shem
lexikon/ISTENTISZT-001_TUDOMANYOS.md	elofordulasok	heber	alak			kir.'U
lexikon/ISTENTISZT-001_TUDOMANYOS.md	elofordulasok	heber	alak			she.M
lexikon/ISTENTISZT-001_TUDOMANYOS.md	elofordulasok	heber	alak			ka.Ra.'u
lexikon/ISTENTISZT-001_TUDOMANYOS.md	elofordulasok	heber	alak			shim.
lexikon/ISTENTISZT-001_TUDOMANYOS.md	elofordulasok	heber	alak			ko.Re'
lexikon/ISTENTISZT-001_TUDOMANYOS.md	elofordulasok	heber	alak			Shem
lexikon/ISTENTISZT-001_TUDOMANYOS.md	elofordulasok	heber	alak			k.Ro'
lexikon/ISTENTISZT-001_TUDOMANYOS.md	elofordulasok	heber	alak			Shem
lexikon/ISTENTISZT-001_TUDOMANYOS.md	elofordulasok	heber	alak			yik.Ra'
lexikon/ISTENTISZT-001_TUDOMANYOS.md	elofordulasok	heber	alak			sh.M
lexikon/ISTENTISZT-001_TUDOMANYOS.md	elofordulasok	heber	alak			él olám
lexikon/ISTENTISZT-001_TUDOMANYOS.md	kizart	heber	alak			kárá
lexikon/ISTENTISZT-001_TUDOMANYOS.md	kizart	heber	alak			be
lexikon/ISTENTISZT-001_TUDOMANYOS.md	kizart	heber	alak			nikrá … al
lexikon/ISTENTISZT-001_TUDOMANYOS.md	szocikkek	gorog	lemma	G1941	ἐπικαλέω	epikaleō
lexikon/ISTENTISZT-001_TUDOMANYOS.md	szocikkek	heber	lemma	H7121	קָרָא	qa.ra
lexikon/ISTENTISZT-001_TUDOMANYOS.md	szocikkek	heber	lemma	H8034	שֵׁם	shem
lexikon/ISTENTISZT-001_TUDOMANYOS.md	szocikkek	gorog	lemma	G0994	βοάω	boaō
lexikon/ISTENTISZT-001_TUDOMANYOS.md	szocikkek	gorog	lemma	G2564	καλέω	kaleō
lexikon/ISTENTISZT-001_TUDOMANYOS.md	szocikkek	gorog	alak		ν	t. onoma
lexikon/ISTENTISZT-001_TUDOMANYOS.md	szocikkek	gorog	alak		π	epi
lexikon/ISTENTISZT-001_TUDOMANYOS.md	szocikkek	gorog	alak		θ	theon
lexikon/ISTENTISZT-001_TUDOMANYOS.md	szocikkek	gorog	alak		θ	theúsz
lexikon/ISTENTISZT-001_TUDOMANYOS.md	szocikkek	gorog	alak		Κ	Kaiszara
lexikon/ISTENTISZT-001_TUDOMANYOS.md	szocikkek	gorog	alak		Σ	Szebaszton
lexikon/ISTENTISZT-001_TUDOMANYOS.md	szocikkek	gorog	alak		Κ	t. Kürion Iészún
lexikon/ISTENTISZT-001_TUDOMANYOS.md	szocikkek	gorog	alak		μ	martüra
lexikon/ISTENTISZT-001_TUDOMANYOS.md	szocikkek	gorog	alak		θ	t. theon
lexikon/ISTENTISZT-001_TUDOMANYOS.md	szocikkek	gorog	alak		π	patera
lexikon/ISTENTISZT-001_TUDOMANYOS.md	szocikkek	gorog	alak		κ	t. kürion
lexikon/ISTENTISZT-001_TUDOMANYOS.md	szocikkek	gorog	alak		ν	t. onoma küriú
lexikon/ISTENTISZT-001_TUDOMANYOS.md	szocikkek	gorog	alak		μ	mú
lexikon/ISTENTISZT-001_TUDOMANYOS.md	szocikkek	gorog	alak		σ	szú
lexikon/ISTENTISZT-001_TUDOMANYOS.md	szocikkek	gorog	alak		π	epikaleó
lexikon/ISTENTISZT-001_TUDOMANYOS.md	szocikkek	gorog	alak		π	epikaló
lexikon/ISTENTISZT-001_TUDOMANYOS.md	szocikkek	gorog	alak		π	epekalesza
lexikon/ISTENTISZT-001_TUDOMANYOS.md	szocikkek	gorog	alak		π	epikalúmai
lexikon/ISTENTISZT-001_TUDOMANYOS.md	szocikkek	gorog	alak		π	epikeklémai
lexikon/ISTENTISZT-001_TUDOMANYOS.md	szocikkek	gorog	alak		π	epekekléto
lexikon/ISTENTISZT-001_TUDOMANYOS.md	szocikkek	gorog	alak		π	epikekléto
lexikon/ISTENTISZT-001_TUDOMANYOS.md	szocikkek	gorog	alak		π	epekléthén
lexikon/ISTENTISZT-001_TUDOMANYOS.md	szocikkek	gorog	alak		π	epikaleszomai
lexikon/ISTENTISZT-001_TUDOMANYOS.md	szocikkek	gorog	alak		π	epekaleszamén
lexikon/ISTENTISZT-001_TUDOMANYOS.md	szocikkek	gorog	alak		τ	tina
lexikon/ISTENTISZT-001_TUDOMANYOS.md	szocikkek	gorog	alak		κ	ekaleszan
lexikon/ISTENTISZT-001_TUDOMANYOS.md	szocikkek	gorog	alak		π	ho epikalúmenosz
lexikon/ISTENTISZT-001_TUDOMANYOS.md	szocikkek	gorog	alak		ς	hosz epikaleitai
lexikon/ISTENTISZT-001_TUDOMANYOS.md	szocikkek	gorog	alak		π	ho epiklétheisz
lexikon/ISTENTISZT-001_TUDOMANYOS.md	szocikkek	gorog	alak		ς	hosz epekléthé
lexikon/ISTENTISZT-001_TUDOMANYOS.md	szocikkek	gorog	alak		τ	tina
lexikon/ISTENTISZT-001_TUDOMANYOS.md	szocikkek	gorog	alak		ε	ei patera epikaleiszthe ton
lexikon/ISTENTISZT-001_TUDOMANYOS.md	szocikkek	gorog	alak		π	epikaleitai to onoma tinosz epi tina
lexikon/ISTENTISZT-001_TUDOMANYOS.md	szocikkek	gorog	alak		ο	hoi tú Khrisztú
lexikon/ISTENTISZT-001_TUDOMANYOS.md	szocikkek	gorog	alak		τ	tini
lexikon/ISTENTISZT-001_TUDOMANYOS.md	szocikkek	gorog	alak		κ	katégoreó
lexikon/ISTENTISZT-001_TUDOMANYOS.md	szocikkek	gorog	alak		ε	ei tó oikodeszpoté Bélzebúl epekaleszan
lexikon/ISTENTISZT-001_TUDOMANYOS.md	szocikkek	gorog	alak		π	poszó mallon toisz oikiakoisz autú
lexikon/ISTENTISZT-001_TUDOMANYOS.md	szocikkek	gorog	alak		τ	ton kürion Iészún
lexikon/ISTENTISZT-001_TUDOMANYOS.md	szocikkek	gorog	alak		β	boéthon
lexikon/ISTENTISZT-001_TUDOMANYOS.md	szocikkek	gorog	alak		τ	tina martüra
lexikon/ISTENTISZT-001_TUDOMANYOS.md	szocikkek	gorog	alak		Κ	Kaiszara
lexikon/ISTENTISZT-001_TUDOMANYOS.md	szocikkek	gorog	alak		τ	ton Szebaszton
lexikon/ISTENTISZT-001_TUDOMANYOS.md	szocikkek	gorog	alak		π	epikalúmai to onoma tú küriú
lexikon/ISTENTISZT-001_TUDOMANYOS.md	szocikkek	gorog	alak		τ	ton kürion
lexikon/ISTENTISZT-001_TUDOMANYOS.md	szocikkek	gorog	alak		π	epikaleiszthai túsz Theúsz
lexikon/ISTENTISZT-001_TUDOMANYOS.md	szocikkek	gorog	alak		β	boaó
lexikon/ISTENTISZT-001_TUDOMANYOS.md	szocikkek	gorog	alak		β	boó
lexikon/ISTENTISZT-001_TUDOMANYOS.md	szocikkek	gorog	alak		β	boé
lexikon/ISTENTISZT-001_TUDOMANYOS.md	szocikkek	gorog	alak		κ	kaleó
lexikon/ISTENTISZT-001_TUDOMANYOS.md	szocikkek	gorog	alak		κ	kradzó
lexikon/ISTENTISZT-001_TUDOMANYOS.md	szocikkek	gorog	alak		κ	kraugadzó
lexikon/ISTENTISZT-001_TUDOMANYOS.md	szocikkek	gorog	alak		κ	kradzó
lexikon/ISTENTISZT-001_TUDOMANYOS.md	szocikkek	gorog	alak		β	boaó
lexikon/ISTENTISZT-001_TUDOMANYOS.md	szocikkek	gorog	alak		ν	hon Briareón kaleúszi theoi
lexikon/ISTENTISZT-001_TUDOMANYOS.md	szocikkek	gorog	alak		ν	onoma kalein tina
lexikon/ISTENTISZT-001_TUDOMANYOS.md	szocikkek	gorog	alak		ν	k. onoma epi tini
lexikon/ISTENTISZT-001_TUDOMANYOS.md	szocikkek	gorog	alak		τ	k. tina epi tó onomati tú patrosz
lexikon/ISTENTISZT-001_TUDOMANYOS.md	szocikkek	gorog	alak		κ	ho kalúmenosz
lexikon/ISTENTISZT-001_TUDOMANYOS.md	szocikkek	gorog	alak		κ	kaleó
lexikon/ISTENTISZT-001_TUDOMANYOS.md	szocikkek	gorog	alak		κ	kaló
lexikon/ISTENTISZT-001_TUDOMANYOS.md	szocikkek	gorog	alak		κ	ek
lexikon/ISTENTISZT-001_TUDOMANYOS.md	szocikkek	heber	alak			kárá sum … al
lexikon/ISTENTISZT-001_TUDOMANYOS.md	szocikkek	heber	alak			kárá sum JHVH
lexikon/ISTENTISZT-001_TUDOMANYOS.md	szocikkek	heber	alak			kárá
lexikon/ISTENTISZT-001_TUDOMANYOS.md	szocikkek	heber	alak			kárá besém JHVH
lexikon/ISTENTISZT-001_TUDOMANYOS.md	szocikkek	heber	alak			kárá
lexikon/ISTENTISZT-001_TUDOMANYOS.md	szocikkek	heber	alak			k. besém J., azaz kárá besém JHVH
lexikon/ISTENTISZT-001_TUDOMANYOS.md	szocikkek	heber	alak			J., azaz JHVH
lexikon/ISTENTISZT-001_TUDOMANYOS.md	szocikkek	heber	alak			J., azaz JHVH
lexikon/ISTENTISZT-001_TUDOMANYOS.md	szocikkek	heber	alak			kárá com
lexikon/ISTENTISZT-001_TUDOMANYOS.md	szocikkek	heber	alak			kárá móadé JHVH
lexikon/ISTENTISZT-001_TUDOMANYOS.md	szocikkek	heber	alak			k., azaz kárá
lexikon/ISTENTISZT-001_TUDOMANYOS.md	szocikkek	heber	alak			le
lexikon/ISTENTISZT-001_TUDOMANYOS.md	szocikkek	heber	alak			al
lexikon/ISTENTISZT-001_TUDOMANYOS.md	szocikkek	heber	alak			le
lexikon/ISTENTISZT-001_TUDOMANYOS.md	szocikkek	heber	alak			kárá lesálóm éléhá
lexikon/ISTENTISZT-001_TUDOMANYOS.md	szocikkek	heber	alak			mikrá
lexikon/ISTENTISZT-001_TUDOMANYOS.md	szocikkek	heber	alak			hakkeriá
lexikon/ISTENTISZT-001_TUDOMANYOS.md	szocikkek	heber	alak			el
lexikon/ISTENTISZT-001_TUDOMANYOS.md	szocikkek	heber	alak			kárá
lexikon/ISTENTISZT-001_TUDOMANYOS.md	szocikkek	heber	alak			sém
lexikon/ISTENTISZT-001_TUDOMANYOS.md	szocikkek	heber	alak			smh
lexikon/ISTENTISZT-001_TUDOMANYOS.md	szocikkek	heber	alak			vsm
lexikon/ISTENTISZT-001_TUDOMANYOS.md	szocikkek	heber	alak			hassém
lexikon/ISTENTISZT-001_TUDOMANYOS.md	szocikkek	heber	alak			JHVH
lexikon/ISTENTISZT-001_TUDOMANYOS.md	szocikkek	heber	alak			sm
lexikon/ISTENTISZT-001_TUDOMANYOS.md	szocikkek	heber	alak			szm
lexikon/ISTENTISZT-001_TUDOMANYOS.md	szocikkek	heber	alak			semá
lexikon/ISTENTISZT-001_TUDOMANYOS.md	szocikkek	heber	alak			sém
lexikon/ISTENTISZT-001_TUDOMANYOS.md	szocikkek	heber	alak			sm
lexikon/ISTENTISZT-001_TUDOMANYOS.md	szocikkek	heber	alak			s., azaz sém
lexikon/ISTENTISZT-001_TUDOMANYOS.md	szocikkek	heber	alak			s., azaz sém
lexikon/ISTENTISZT-001_TUDOMANYOS.md	szocikkek	heber	alak			záak
lexikon/ISTENTISZT-001_TUDOMANYOS.md	szocikkek	heber	alak			cáak
lexikon/ISTENTISZT-001_TUDOMANYOS.md	szocikkek	heber	alak			kárá
lexikon/ISTENTISZT-001_TUDOMANYOS.md	szocikkek	heber	alak			záak al
lexikon/ISTENTISZT-001_TUDOMANYOS.md	szocikkek	heber	alak			kárá
lexikon/ISTENTISZT-001_TUDOMANYOS.md	lxx	gorog	alak		π	ἐπικαλέω, epikaleō G1941
lexikon/ISTENTISZT-001_TUDOMANYOS.md	lxx	gorog	alak		π	ἐπικαλέω, epikaleō G1941
lexikon/ISTENTISZT-001_TUDOMANYOS.md	lxx	gorog	alak		π	ἐπικαλέω, epikaleō G1941
lexikon/ISTENTISZT-001_TUDOMANYOS.md	lxx	gorog	alak		π	ἐπικαλέω, epikaleō G1941
lexikon/ISTENTISZT-001_TUDOMANYOS.md	lxx	gorog	alak		π	ἐπικαλέω, epikaleō G1941
lexikon/ISTENTISZT-001_TUDOMANYOS.md	lxx	gorog	alak		π	ἐπικαλέω, epikaleō G1941
lexikon/ISTENTISZT-001_TUDOMANYOS.md	lxx	gorog	alak		π	ἐπικαλέω, epikaleō G1941
lexikon/ISTENTISZT-001_TUDOMANYOS.md	lxx	gorog	alak		π	ἐπικαλέω, epikaleō G1941
lexikon/ISTENTISZT-001_TUDOMANYOS.md	lxx	gorog	alak		π	ἐπικαλέω, epikaleō G1941
lexikon/ISTENTISZT-001_TUDOMANYOS.md	lxx	gorog	alak		π	ἐπικαλέω, epikaleō G1941
lexikon/ISTENTISZT-001_TUDOMANYOS.md	lxx	gorog	alak		π	ἐπικαλέω, epikaleō G1941
lexikon/ISTENTISZT-001_TUDOMANYOS.md	lxx	gorog	alak		π	ἐπικαλέω, epikaleō G1941
lexikon/ISTENTISZT-001_TUDOMANYOS.md	lxx	gorog	alak		π	ἐπικαλέω, epikaleō G1941
lexikon/ISTENTISZT-001_TUDOMANYOS.md	lxx	gorog	alak		π	ἐπικαλέω, epikaleō G1941
lexikon/ISTENTISZT-001_TUDOMANYOS.md	lxx	gorog	alak		π	ἐπικαλέω, epikaleō G1941
lexikon/ISTENTISZT-001_TUDOMANYOS.md	lxx	gorog	alak		π	ἐπικαλέω, epikaleō G1941
lexikon/ISTENTISZT-001_TUDOMANYOS.md	lxx	gorog	alak		β	boaō G0994
lexikon/ISTENTISZT-001_TUDOMANYOS.md	lxx	gorog	alak		π	ἐπικαλέω, epikaleō G1941
lexikon/ISTENTISZT-001_TUDOMANYOS.md	lxx	gorog	alak		π	ἐπικαλέω, epikaleō G1941
lexikon/ISTENTISZT-001_TUDOMANYOS.md	lxx	gorog	alak		κ	kaleō G2564
lexikon/ISTENTISZT-001_TUDOMANYOS.md	lxx	gorog	alak		κ	kaleō G2564
lexikon/ISTENTISZT-001_TUDOMANYOS.md	lxx	heber	alak			k.Ro'
lexikon/ISTENTISZT-001_TUDOMANYOS.md	lxx	heber	alak			i.yik.Ra'
lexikon/ISTENTISZT-001_TUDOMANYOS.md	lxx	heber	alak			i.yik.Ra'
lexikon/ISTENTISZT-001_TUDOMANYOS.md	lxx	heber	alak			i.Yik.ra'-
lexikon/ISTENTISZT-001_TUDOMANYOS.md	lxx	heber	alak			i.yik.Ra'
lexikon/ISTENTISZT-001_TUDOMANYOS.md	lxx	heber	alak			'ek.Ra'
lexikon/ISTENTISZT-001_TUDOMANYOS.md	lxx	heber	alak			kir.'U
lexikon/ISTENTISZT-001_TUDOMANYOS.md	lxx	heber	alak			i.yik.re.'U
lexikon/ISTENTISZT-001_TUDOMANYOS.md	lxx	heber	alak			ka.Ra'
lexikon/ISTENTISZT-001_TUDOMANYOS.md	lxx	heber	alak			k.Ro'
lexikon/ISTENTISZT-001_TUDOMANYOS.md	lxx	heber	alak			yik.Ra'
lexikon/ISTENTISZT-001_TUDOMANYOS.md	lxx	heber	alak			'ek.Ra'
lexikon/ISTENTISZT-001_TUDOMANYOS.md	lxx	heber	alak			'ek.Ra'
lexikon/ISTENTISZT-001_TUDOMANYOS.md	lxx	heber	alak			'ek.Ra'
lexikon/ISTENTISZT-001_TUDOMANYOS.md	lxx	heber	alak			ko.Re'
lexikon/ISTENTISZT-001_TUDOMANYOS.md	lxx	heber	alak			kir.'U
lexikon/ISTENTISZT-001_TUDOMANYOS.md	lxx	heber	alak			kir.'U
lexikon/ISTENTISZT-001_TUDOMANYOS.md	lxx	heber	alak			kir.'U
lexikon/ISTENTISZT-001_TUDOMANYOS.md	lxx	heber	alak			ka.Ra.'u
lexikon/ISTENTISZT-001_TUDOMANYOS.md	lxx	heber	alak			ka.Ra.'u
lexikon/ISTENTISZT-001_TUDOMANYOS.md	lxx	heber	alak			ka.Ra.ti
lexikon/ISTENTISZT-001_TUDOMANYOS.md	lxx	heber	alak			i.yik.Ra'
lexikon/ISTENTISZT-001_TUDOMANYOS.md	kolofon	heber	alak			kárá
lexikon/ISTENTISZT-001_TUDOMANYOS.md	kolofon	heber	alak			be
lexikon/ISTENTISZT-001_TUDOMANYOS.md	kolofon	heber	alak			nikrá … al
lexikon/ISTENTISZT-001_TUDOMANYOS.md	kolofon	heber	alak			kárá besém
lexikon/KIRALY-001_TUDOMANYOS.md	jelmagyarazat	gorog	alak		π	pneuma
lexikon/KIRALY-001_TUDOMANYOS.md	jelmagyarazat	gorog	alak		ψ	pszükhé
lexikon/KIRALY-001_TUDOMANYOS.md	elofordulasok	gorog	alak		τ	taxin
lexikon/KIRALY-001_TUDOMANYOS.md	elofordulasok	gorog	alak		τ	taxin
lexikon/KIRALY-001_TUDOMANYOS.md	elofordulasok	gorog	alak		τ	taxin
lexikon/KIRALY-001_TUDOMANYOS.md	elofordulasok	gorog	alak		τ	taxin
lexikon/KIRALY-001_TUDOMANYOS.md	elofordulasok	gorog	alak		μ	amētōr
lexikon/KIRALY-001_TUDOMANYOS.md	elofordulasok	heber	alak			kho.Hen
lexikon/KIRALY-001_TUDOMANYOS.md	elofordulasok	heber	alak			ko.ha.Nim
lexikon/KIRALY-001_TUDOMANYOS.md	elofordulasok	heber	alak			mam.Le.khet
lexikon/KIRALY-001_TUDOMANYOS.md	elofordulasok	heber	alak			sha.Lem
lexikon/KIRALY-001_TUDOMANYOS.md	elofordulasok	heber	alak			kho.Hen
lexikon/KIRALY-001_TUDOMANYOS.md	elofordulasok	heber	alak			kho.Hen
lexikon/KIRALY-001_TUDOMANYOS.md	elofordulasok	heber	alak			kis.'
lexikon/KIRALY-001_TUDOMANYOS.md	elofordulasok	heber	alak			kóhén
lexikon/KIRALY-001_TUDOMANYOS.md	szocikkek	gorog	lemma	G0282	ἀμήτωρ	amētōr
lexikon/KIRALY-001_TUDOMANYOS.md	szocikkek	gorog	lemma	G0813	ἄτακτος	ataktos
lexikon/KIRALY-001_TUDOMANYOS.md	szocikkek	gorog	lemma	G5010	τάξις	taxis
lexikon/KIRALY-001_TUDOMANYOS.md	szocikkek	heber	lemma	H3548	כֹּהֵן	ko.hen
lexikon/KIRALY-001_TUDOMANYOS.md	szocikkek	heber	lemma	H3678	כִּסֵּא	kis.se
lexikon/KIRALY-001_TUDOMANYOS.md	szocikkek	heber	lemma	H4467	מַמְלָכָה	mam.la.khah
lexikon/KIRALY-001_TUDOMANYOS.md	szocikkek	heber	lemma	H8004	שָׁלֵם	sha.lem
lexikon/KIRALY-001_TUDOMANYOS.md	szocikkek	heber	alak			mamlekhet kóhaním
lexikon/KIRALY-001_TUDOMANYOS.md	szocikkek	heber	alak			kóhén midján
lexikon/KIRALY-001_TUDOMANYOS.md	szocikkek	heber	alak			kóhaním
lexikon/KIRALY-001_TUDOMANYOS.md	lxx	gorog	alak		τ	τάξις, taxis G5010
lexikon/KIRALY-001_TUDOMANYOS.md	lxx	heber	alak			kho.Hen
lexikon/KIRALY-001_TUDOMANYOS.md	lxx	heber	alak			sha.Lem
lexikon/KIRALY-001_TUDOMANYOS.md	lxx	heber	alak			ko.ha.Nim
lexikon/KIRALY-001_TUDOMANYOS.md	lxx	heber	alak			kho.Hen
lexikon/KIRALY-001_TUDOMANYOS.md	lxx	heber	alak			kho.Hen
lexikon/MENNY-001_TUDOMANYOS.md	jelmagyarazat	gorog	alak		π	pneuma
lexikon/MENNY-001_TUDOMANYOS.md	jelmagyarazat	gorog	alak		ψ	pszükhé
lexikon/MENNY-001_TUDOMANYOS.md	elofordulasok	heber	alak			ve.nei-
lexikon/MENNY-001_TUDOMANYOS.md	elofordulasok	heber	alak			'E.lo.Him
lexikon/MENNY-001_TUDOMANYOS.md	elofordulasok	heber	alak			ne.fi.Lim
lexikon/MENNY-001_TUDOMANYOS.md	elofordulasok	heber	alak			ne.fi.Lim
lexikon/MENNY-001_TUDOMANYOS.md	elofordulasok	heber	alak			be.Nei
lexikon/MENNY-001_TUDOMANYOS.md	elofordulasok	heber	alak			'E.lo.Him
lexikon/MENNY-001_TUDOMANYOS.md	elofordulasok	heber	alak			be.Nei
lexikon/MENNY-001_TUDOMANYOS.md	elofordulasok	heber	alak			'E.lo.Him
lexikon/MENNY-001_TUDOMANYOS.md	elofordulasok	heber	alak			be.Nei
lexikon/MENNY-001_TUDOMANYOS.md	elofordulasok	heber	alak			'E.lo.Him
lexikon/MENNY-001_TUDOMANYOS.md	elofordulasok	heber	alak			bené háelóhím
lexikon/MENNY-001_TUDOMANYOS.md	elofordulasok	heber	alak			nefilím
lexikon/MENNY-001_TUDOMANYOS.md	elofordulasok	heber	alak			gibbórím
lexikon/MENNY-001_TUDOMANYOS.md	elofordulasok	heber	alak			nefilím
lexikon/MENNY-001_TUDOMANYOS.md	elofordulasok	heber	alak			bené háelóhím
lexikon/MENNY-001_TUDOMANYOS.md	elofordulasok	heber	alak			bené elóhím
lexikon/MENNY-001_TUDOMANYOS.md	kizart	heber	alak			הָ
lexikon/MENNY-001_TUDOMANYOS.md	kizart	heber	alak			bené (há
lexikon/MENNY-001_TUDOMANYOS.md	kizart	heber	alak			nefilím
lexikon/MENNY-001_TUDOMANYOS.md	kizart	heber	alak			refáím
lexikon/MENNY-001_TUDOMANYOS.md	szocikkek	heber	lemma	H0430	אֱלֹהִים	e.lo.him
lexikon/MENNY-001_TUDOMANYOS.md	szocikkek	heber	lemma	H1121	בֵּן	ben
lexikon/MENNY-001_TUDOMANYOS.md	szocikkek	heber	lemma	H5303	נְפִלִים	ne.phil
lexikon/MENNY-001_TUDOMANYOS.md	lxx	heber	alak			ve.nei-
lexikon/MENNY-001_TUDOMANYOS.md	lxx	heber	alak			ne.fi.Lim
lexikon/MENNY-001_TUDOMANYOS.md	lxx	heber	alak			be.Nei
lexikon/MENNY-001_TUDOMANYOS.md	lxx	heber	alak			be.Nei
lexikon/MENNY-001_TUDOMANYOS.md	lxx	heber	alak			be.Nei
lexikon/MENNY-001_TUDOMANYOS.md	lxx	heber	alak			ne.fi.Lim
lexikon/MENNY-001_TUDOMANYOS.md	kolofon	heber	alak			הָ
lexikon/MENNY-001_TUDOMANYOS.md	kolofon	heber	alak			bené (há
lexikon/MENNY-001_TUDOMANYOS.md	kolofon	heber	alak			nefilím
lexikon/MENNY-001_TUDOMANYOS.md	kolofon	heber	alak			refáím
lexikon/MENNY-001_TUDOMANYOS.md	kolofon	heber	alak			הָ
lexikon/MENNY-001_TUDOMANYOS.md	kolofon	heber	alak			bené (há
lexikon/MENNY-001_TUDOMANYOS.md	kolofon	heber	alak			nefilím
lexikon/TEREMT-001_TUDOMANYOS.md	jelmagyarazat	gorog	alak		π	pneuma
lexikon/TEREMT-001_TUDOMANYOS.md	jelmagyarazat	gorog	alak		ψ	pszükhé
lexikon/TEREMT-001_TUDOMANYOS.md	elofordulasok	gorog	alak		β	abusson
lexikon/TEREMT-001_TUDOMANYOS.md	elofordulasok	gorog	alak		β	abusson
lexikon/TEREMT-001_TUDOMANYOS.md	elofordulasok	gorog	alak		β	abussou
lexikon/TEREMT-001_TUDOMANYOS.md	elofordulasok	gorog	alak		β	abussou
lexikon/TEREMT-001_TUDOMANYOS.md	elofordulasok	gorog	alak		β	abussou
lexikon/TEREMT-001_TUDOMANYOS.md	elofordulasok	gorog	alak		β	abussou
lexikon/TEREMT-001_TUDOMANYOS.md	elofordulasok	gorog	alak		β	abussou
lexikon/TEREMT-001_TUDOMANYOS.md	elofordulasok	gorog	alak		β	abüsszosz
lexikon/TEREMT-001_TUDOMANYOS.md	elofordulasok	gorog	alak		β	abüsszosz
lexikon/TEREMT-001_TUDOMANYOS.md	elofordulasok	gorog	alak		β	abüsszosz
lexikon/TEREMT-001_TUDOMANYOS.md	elofordulasok	gorog	alak		β	abüsszosz
lexikon/TEREMT-001_TUDOMANYOS.md	elofordulasok	gorog	alak		β	Abaddón
lexikon/TEREMT-001_TUDOMANYOS.md	elofordulasok	gorog	alak		π	Apollüón
lexikon/TEREMT-001_TUDOMANYOS.md	elofordulasok	gorog	alak		β	abüsszosz
lexikon/TEREMT-001_TUDOMANYOS.md	elofordulasok	gorog	alak		β	abüsszosz
lexikon/TEREMT-001_TUDOMANYOS.md	elofordulasok	gorog	alak		β	abüsszosz
lexikon/TEREMT-001_TUDOMANYOS.md	elofordulasok	heber	alak			te.Hom
lexikon/TEREMT-001_TUDOMANYOS.md	elofordulasok	heber	alak			te.Hom
lexikon/TEREMT-001_TUDOMANYOS.md	elofordulasok	heber	alak			te.Hom
lexikon/TEREMT-001_TUDOMANYOS.md	elofordulasok	heber	alak			te.Hom
lexikon/TEREMT-001_TUDOMANYOS.md	elofordulasok	heber	alak			te.ho.Mot
lexikon/TEREMT-001_TUDOMANYOS.md	elofordulasok	heber	alak			te.ho.Mot
lexikon/TEREMT-001_TUDOMANYOS.md	elofordulasok	heber	alak			te.ho.Mot
lexikon/TEREMT-001_TUDOMANYOS.md	elofordulasok	heber	alak			te.Hom
lexikon/TEREMT-001_TUDOMANYOS.md	elofordulasok	heber	alak			te.Hom
lexikon/TEREMT-001_TUDOMANYOS.md	elofordulasok	heber	alak			te.Hom
lexikon/TEREMT-001_TUDOMANYOS.md	elofordulasok	heber	alak			te.Hom
lexikon/TEREMT-001_TUDOMANYOS.md	elofordulasok	heber	alak			te.ho.Mot
lexikon/TEREMT-001_TUDOMANYOS.md	elofordulasok	heber	alak			te.Hom
lexikon/TEREMT-001_TUDOMANYOS.md	elofordulasok	heber	alak			te.Hom
lexikon/TEREMT-001_TUDOMANYOS.md	elofordulasok	heber	alak			te.ho.Mot
lexikon/TEREMT-001_TUDOMANYOS.md	elofordulasok	heber	alak			te.ho.Mot
lexikon/TEREMT-001_TUDOMANYOS.md	elofordulasok	heber	alak			t.ho.Mot
lexikon/TEREMT-001_TUDOMANYOS.md	elofordulasok	heber	alak			Te.hom
lexikon/TEREMT-001_TUDOMANYOS.md	elofordulasok	heber	alak			te.ho.Mot
lexikon/TEREMT-001_TUDOMANYOS.md	elofordulasok	heber	alak			te.ho.Mot
lexikon/TEREMT-001_TUDOMANYOS.md	elofordulasok	heber	alak			te.ho.Mot
lexikon/TEREMT-001_TUDOMANYOS.md	elofordulasok	heber	alak			te.ho.Mot
lexikon/TEREMT-001_TUDOMANYOS.md	elofordulasok	heber	alak			te.ho.Mot
lexikon/TEREMT-001_TUDOMANYOS.md	elofordulasok	heber	alak			te.ho.Mot
lexikon/TEREMT-001_TUDOMANYOS.md	elofordulasok	heber	alak			te.Hom
lexikon/TEREMT-001_TUDOMANYOS.md	elofordulasok	heber	alak			te.hom
lexikon/TEREMT-001_TUDOMANYOS.md	elofordulasok	heber	alak			te.Hom
lexikon/TEREMT-001_TUDOMANYOS.md	elofordulasok	heber	alak			te.ho.Mot
lexikon/TEREMT-001_TUDOMANYOS.md	elofordulasok	heber	alak			te.Hom
lexikon/TEREMT-001_TUDOMANYOS.md	elofordulasok	heber	alak			te.Hom
lexikon/TEREMT-001_TUDOMANYOS.md	elofordulasok	heber	alak			te.Hom
lexikon/TEREMT-001_TUDOMANYOS.md	elofordulasok	heber	alak			te.Hom
lexikon/TEREMT-001_TUDOMANYOS.md	elofordulasok	heber	alak			te.Hom
lexikon/TEREMT-001_TUDOMANYOS.md	elofordulasok	heber	alak			te.hOm
lexikon/TEREMT-001_TUDOMANYOS.md	elofordulasok	heber	alak			tehóm
lexikon/TEREMT-001_TUDOMANYOS.md	elofordulasok	heber	alak			tehóm
lexikon/TEREMT-001_TUDOMANYOS.md	kizart	gorog	alak		β	abüsszosz
lexikon/TEREMT-001_TUDOMANYOS.md	kizart	heber	alak			tehóm
lexikon/TEREMT-001_TUDOMANYOS.md	szocikkek	gorog	lemma	G0012	ἄβυσσος	abussos
lexikon/TEREMT-001_TUDOMANYOS.md	szocikkek	heber	lemma	H8415	תְּהוֹם	te.hom
lexikon/TEREMT-001_TUDOMANYOS.md	lxx	gorog	alak		β	ἄβυσσος, abussos G0012
lexikon/TEREMT-001_TUDOMANYOS.md	lxx	gorog	alak		β	ἄβυσσος, abussos G0012
lexikon/TEREMT-001_TUDOMANYOS.md	lxx	gorog	alak		β	ἄβυσσος, abussos G0012
lexikon/TEREMT-001_TUDOMANYOS.md	lxx	gorog	alak		β	ἄβυσσος, abussos G0012
lexikon/TEREMT-001_TUDOMANYOS.md	lxx	gorog	alak		β	ἄβυσσος, abussos G0012
lexikon/TEREMT-001_TUDOMANYOS.md	lxx	gorog	alak		β	ἄβυσσος, abussos G0012
lexikon/TEREMT-001_TUDOMANYOS.md	lxx	gorog	alak		β	ἄβυσσος, abussos G0012
lexikon/TEREMT-001_TUDOMANYOS.md	lxx	gorog	alak		β	ἄβυσσος, abussos G0012
lexikon/TEREMT-001_TUDOMANYOS.md	lxx	gorog	alak		β	ἄβυσσος, abussos G0012
lexikon/TEREMT-001_TUDOMANYOS.md	lxx	gorog	alak		β	ἄβυσσος, abussos G0012
lexikon/TEREMT-001_TUDOMANYOS.md	lxx	gorog	alak		β	ἄβυσσος, abussos G0012
lexikon/TEREMT-001_TUDOMANYOS.md	lxx	gorog	alak		β	ἄβυσσος, abussos G0012
lexikon/TEREMT-001_TUDOMANYOS.md	lxx	gorog	alak		β	ἄβυσσος, abussos G0012
lexikon/TEREMT-001_TUDOMANYOS.md	lxx	gorog	alak		β	ἄβυσσος, abussos G0012
lexikon/TEREMT-001_TUDOMANYOS.md	lxx	gorog	alak		β	ἄβυσσος, abussos G0012
lexikon/TEREMT-001_TUDOMANYOS.md	lxx	gorog	alak		β	ἄβυσσος, abussos G0012
lexikon/TEREMT-001_TUDOMANYOS.md	lxx	gorog	alak		β	ἄβυσσος, abussos G0012
lexikon/TEREMT-001_TUDOMANYOS.md	lxx	gorog	alak		β	ἄβυσσος, abussos G0012
lexikon/TEREMT-001_TUDOMANYOS.md	lxx	gorog	alak		β	ἄβυσσος, abussos G0012
lexikon/TEREMT-001_TUDOMANYOS.md	lxx	gorog	alak		β	ἄβυσσος, abussos G0012
lexikon/TEREMT-001_TUDOMANYOS.md	lxx	gorog	alak		β	ἄβυσσος, abussos G0012
lexikon/TEREMT-001_TUDOMANYOS.md	lxx	gorog	alak		β	ἄβυσσος, abussos G0012
lexikon/TEREMT-001_TUDOMANYOS.md	lxx	gorog	alak		β	ἄβυσσος, abussos G0012
lexikon/TEREMT-001_TUDOMANYOS.md	lxx	gorog	alak		β	ἄβυσσος, abussos G0012
lexikon/TEREMT-001_TUDOMANYOS.md	lxx	gorog	alak		β	ἄβυσσος, abussos G0012
lexikon/TEREMT-001_TUDOMANYOS.md	lxx	heber	alak			te.Hom
lexikon/TEREMT-001_TUDOMANYOS.md	lxx	heber	alak			te.Hom
lexikon/TEREMT-001_TUDOMANYOS.md	lxx	heber	alak			te.Hom
lexikon/TEREMT-001_TUDOMANYOS.md	lxx	heber	alak			te.Hom
lexikon/TEREMT-001_TUDOMANYOS.md	lxx	heber	alak			te.ho.Mot
lexikon/TEREMT-001_TUDOMANYOS.md	lxx	heber	alak			te.ho.Mot
lexikon/TEREMT-001_TUDOMANYOS.md	lxx	heber	alak			te.ho.Mot
lexikon/TEREMT-001_TUDOMANYOS.md	lxx	heber	alak			te.Hom
lexikon/TEREMT-001_TUDOMANYOS.md	lxx	heber	alak			te.Hom
lexikon/TEREMT-001_TUDOMANYOS.md	lxx	heber	alak			te.Hom
lexikon/TEREMT-001_TUDOMANYOS.md	lxx	heber	alak			te.Hom
lexikon/TEREMT-001_TUDOMANYOS.md	lxx	heber	alak			te.ho.Mot
lexikon/TEREMT-001_TUDOMANYOS.md	lxx	heber	alak			te.Hom
lexikon/TEREMT-001_TUDOMANYOS.md	lxx	heber	alak			te.Hom
lexikon/TEREMT-001_TUDOMANYOS.md	lxx	heber	alak			te.ho.Mot
lexikon/TEREMT-001_TUDOMANYOS.md	lxx	heber	alak			te.ho.Mot
lexikon/TEREMT-001_TUDOMANYOS.md	lxx	heber	alak			t.ho.Mot
lexikon/TEREMT-001_TUDOMANYOS.md	lxx	heber	alak			Te.hom
lexikon/TEREMT-001_TUDOMANYOS.md	lxx	heber	alak			te.ho.Mot
lexikon/TEREMT-001_TUDOMANYOS.md	lxx	heber	alak			te.ho.Mot
lexikon/TEREMT-001_TUDOMANYOS.md	lxx	heber	alak			te.ho.Mot
lexikon/TEREMT-001_TUDOMANYOS.md	lxx	heber	alak			te.ho.Mot
lexikon/TEREMT-001_TUDOMANYOS.md	lxx	heber	alak			te.ho.Mot
lexikon/TEREMT-001_TUDOMANYOS.md	lxx	heber	alak			te.ho.Mot
lexikon/TEREMT-001_TUDOMANYOS.md	lxx	heber	alak			te.Hom
lexikon/TEREMT-001_TUDOMANYOS.md	lxx	heber	alak			te.hom
lexikon/TEREMT-001_TUDOMANYOS.md	lxx	heber	alak			te.Hom
lexikon/TEREMT-001_TUDOMANYOS.md	lxx	heber	alak			te.ho.Mot
lexikon/TEREMT-001_TUDOMANYOS.md	lxx	heber	alak			te.Hom
lexikon/TEREMT-001_TUDOMANYOS.md	lxx	heber	alak			te.Hom
lexikon/TEREMT-001_TUDOMANYOS.md	lxx	heber	alak			te.Hom
lexikon/TEREMT-001_TUDOMANYOS.md	lxx	heber	alak			te.Hom
lexikon/TEREMT-001_TUDOMANYOS.md	lxx	heber	alak			te.hOm
lexikon/TEREMT-001_TUDOMANYOS.md	lxx	heber	alak			te.Hom
lexikon/TEREMT-001_TUDOMANYOS.md	kolofon	gorog	alak		β	abüsszosz
lexikon/TEREMT-001_TUDOMANYOS.md	kolofon	gorog	alak		β	abüsszosz
lexikon/TEREMT-001_TUDOMANYOS.md	kolofon	heber	alak			tehóm
lexikon/TEREMT-001_TUDOMANYOS.md	kolofon	heber	alak			tehóm
