# T1.1: lekérdezés-találatok, amelyek NEM jelöltek (a nem-mag versek TSK/Károli-KH célpontjai, igealak, mező-kollokáció). Jelöltté léptetésük gate-kérdés (T1_TEREMT002_gate.md).
igehely	forras_kereses
1Ján 3:16	TSK Ján 10:11 (Votes=26)
1Kir 14:10	TSK 2Kir 21:13 (Votes=2); TSK Ézs 14:23 (Votes=4)
1Kir 18:26	TSK Ézs 44:9 (Votes=4)
1Kir 18:40	TSK Ézs 44:9 (Votes=4)
1Kir 21:19	TSK Zsolt 107:40 (Votes=3)
1Kir 21:21	TSK 2Kir 21:13 (Votes=1)
1Kir 21:24	TSK 2Kir 21:13 (Votes=1)
1Kor 12:4	TSK Ézs 40:14 (Votes=1)
1Kor 12:6	TSK Ézs 40:14 (Votes=1)
1Kor 13:12	TSK Jób 26:14 (Votes=5)
1Kor 13:9	TSK Jób 26:14 (Votes=5)
1Kor 5:5	TSK ApCsel 2:20 (Votes=3)
1Kor 8:4	TSK 1Sám 12:21 (Votes=3); TSK Ézs 44:9 (Votes=4)
1Krón 18:2	TSK 2Sám 8:2 (Votes=2)
1Krón 22:5	TSK 1Móz 33:13 (Votes=2)
1Krón 28:8	TSK Ézs 45:19 (Votes=3)
1Móz 11:9	TSK Ézs 24:10 (Votes=2)
1Móz 13:15	TSK 4Móz 11:12 (Votes=1)
1Móz 15:13-16	Károli-KH (forrás-vers: ApCsel 2:19)
1Móz 15:14	Károli-KH (forrás-vers: ApCsel 2:20)
1Móz 18:25	TSK Jel 20:11 (Votes=3)
1Móz 19:28	TSK Jóel 2:30 (Votes=2)
1Móz 19:36-37	Károli-KH (forrás-vers: 2Sám 8:2)
1Móz 1:1	TSK Jób 26:7 (Votes=10); TSK Zsolt 33:6 (Votes=7)
1Móz 1:14	TSK Ez 32:8 (Votes=3)
1Móz 1:26	TSK Ézs 45:18 (Votes=5)
1Móz 1:28	TSK Ézs 45:18 (Votes=4)
1Móz 1:6	TSK Zsolt 33:6 (Votes=9)
1Móz 1:6-7	Károli-KH (forrás-vers: Zsolt 33:6)
1Móz 22:16	TSK 4Móz 11:12 (Votes=2)
1Móz 22:17	TSK 4Móz 11:12 (Votes=2)
1Móz 26:3	TSK 4Móz 11:12 (Votes=3)
1Móz 29:30	TSK Mal 1:3 (Votes=1)
1Móz 29:31	TSK Mal 1:3 (Votes=1)
1Móz 2:1	TSK Zsolt 33:6 (Votes=13)
1Móz 2:7	TSK Zsolt 33:6 (Votes=11)
1Móz 31:39	TSK Ján 10:11 (Votes=12)
1Móz 31:40	TSK Ján 10:11 (Votes=12)
1Móz 4:8	Károli-KH (forrás-vers: Mk 13:24)
1Móz 50:24	TSK 4Móz 11:12 (Votes=3)
1Móz 6:7	TSK Zsolt 33:6 (Votes=8)
1Móz 9:1	TSK Ézs 45:18 (Votes=4)
1Pét 1:25	TSK Mt 24:35 (Votes=313)
1Pét 2:24	TSK Ján 10:11 (Votes=33)
1Pét 2:25	TSK Ján 10:11 (Votes=33)
1Pét 5:4	TSK Ján 10:11 (Votes=17)
1Sám 10:27	TSK 2Sám 8:2 (Votes=3)
1Sám 14:47	TSK 2Sám 8:2 (Votes=2)
1Sám 15:29	TSK Jóel 3:16 (Votes=4)
1Sám 17:34	TSK Ez 34:12-16 (Votes=0); TSK Ján 10:11 (Votes=15)
1Sám 17:35	TSK Ez 34:12-16 (Votes=0); TSK Ján 10:11 (Votes=15)
1Sám 2:10	TSK Jób 26:14 (Votes=5)
1Sám 5:9	TSK Zsolt 107:40 (Votes=3)
1Sám 6:4	TSK Zsolt 107:40 (Votes=3)
1Thessz 2:7	TSK 4Móz 11:12 (Votes=5)
1Thessz 5:2	TSK ApCsel 2:20 (Votes=7)
2Kir 10:11	TSK 2Kir 21:13 (Votes=3)
2Kir 17:3	TSK 2Sám 8:2 (Votes=2)
2Kir 17:6	TSK 2Kir 21:13 (Votes=2)
2Kir 1:1	TSK 2Sám 8:2 (Votes=2)
2Kir 21:13-14	Károli-KH (forrás-vers: Sir 2:8)
2Kir 25:1-11	Károli-KH (forrás-vers: Ez 34:12-16)
2Kir 25:10	TSK Ézs 24:10 (Votes=2)
2Kir 25:4	TSK Ézs 24:10 (Votes=2)
2Kir 25:9	TSK Ézs 24:10 (Votes=2)
2Kir 3:27	TSK 2Sám 8:2 (Votes=2)
2Kir 3:4	TSK 2Sám 8:2 (Votes=2)
2Kir 9:22	TSK Jel 18:23 (Votes=3)
2Kir 9:35	TSK Zsolt 107:40 (Votes=3)
2Kir 9:37	TSK Zsolt 107:40 (Votes=3)
2Kor 12:11	TSK Ézs 40:17 (Votes=0)
2Kor 12:15	TSK Ézs 49:4 (Votes=3)
2Kor 2:15	TSK Ézs 49:4 (Votes=3)
2Kor 4:4	TSK Ézs 44:9 (Votes=4)
2Krón 15:2	TSK Ézs 45:19 (Votes=2)
2Krón 17:11	TSK Ézs 13:20 (Votes=2)
2Krón 26:8	TSK 2Sám 8:2 (Votes=2)
2Krón 7:16	Károli-KH (forrás-vers: Jer 9:10)
2Móz 10:21	TSK Ez 32:7 (Votes=3); TSK Ámós 8:9 (Votes=3); TSK Ézs 5:30 (Votes=2)
2Móz 10:23	TSK Ez 32:7 (Votes=3); TSK Ámós 8:9 (Votes=3); TSK Ézs 5:30 (Votes=2)
2Móz 13:5	TSK 4Móz 11:12 (Votes=5)
2Móz 15:21	TSK Ézs 24:23 (Votes=2)
2Móz 15:5	TSK Jel 18:21 (Votes=2)
2Móz 19:16-19	Károli-KH (forrás-vers: Ézs 45:19)
2Móz 28:1-14	Károli-KH (forrás-vers: Ézs 45:19)
2Móz 8:17	TSK Zsolt 107:40 (Votes=3)
2Móz 8:24	TSK Zsolt 107:40 (Votes=3)
2Móz 8:3	TSK Zsolt 107:40 (Votes=3)
2Pét 2:20	Károli-KH (forrás-vers: Sof 2:14)
2Pét 2:3	TSK Ézs 13:22 (Votes=2)
2Pét 3:10	TSK Mt 24:29 (Votes=9); TSK Mk 13:24 (Votes=3); TSK Luk 21:25 (Votes=11); TSK Luk 21:26 (Votes=4); TSK ApCsel 2:20 (Votes=10); TSK Jel 20:11 (Votes=10); TSK Ézs 13:22 (Votes=2); Károli-KH (forrás-vers: Mt 24:29)
2Pét 3:12	TSK Mk 13:24 (Votes=2); TSK Luk 21:25 (Votes=11); TSK Luk 21:26 (Votes=4); TSK Mt 24:35 (Votes=99); TSK Jel 20:11 (Votes=10)
2Pét 3:5	TSK Zsolt 33:6 (Votes=18)
2Pét 3:7	TSK ApCsel 2:20 (Votes=5); TSK Mt 24:35 (Votes=99); TSK Jel 20:11 (Votes=12)
2Pét 3:9	TSK Ézs 13:22 (Votes=2)
2Sám 12:31	TSK 2Sám 8:2 (Votes=2)
2Sám 18:14	Károli-KH (forrás-vers: Jóel 2:10)
2Sám 19:8	Károli-KH (forrás-vers: Jóel 2:10)
2Sám 1:23	Károli-KH (forrás-vers: Ézs 13:22)
2Sám 24:17	TSK Ján 10:11 (Votes=23)
2Sám 8:12	TSK 2Sám 8:2 (Votes=2)
2Sám 8:14	TSK 2Sám 8:2 (Votes=2)
2Sám 8:6	TSK 2Sám 8:2 (Votes=3)
2Tim 2:25	TSK Zsolt 80:6-7 (Votes=2)
2Tim 2:26	TSK Zsolt 80:6-7 (Votes=2)
3Móz 11:13	TSK Jel 18:2 (Votes=3)
3Móz 11:19	TSK Jel 18:2 (Votes=3)
3Móz 26:20	TSK Ézs 49:4 (Votes=2)
3Móz 26:36	TSK Luk 21:26 (Votes=5)
4Móz 23:19	TSK Ézs 45:19 (Votes=13); TSK Mt 24:35 (Votes=269)
4Móz 23:20	TSK Ézs 45:19 (Votes=13)
4Móz 24:17	TSK 2Sám 8:2 (Votes=5); Károli-KH (forrás-vers: 2Sám 8:2)
5Móz 11:16	TSK 1Sám 12:21 (Votes=4)
5Móz 11:6	TSK Ézs 24:19 (Votes=3)
5Móz 21:15	TSK Mal 1:3 (Votes=2)
5Móz 21:16	TSK Mal 1:3 (Votes=2)
5Móz 27:15	TSK Ézs 44:9 (Votes=3)
5Móz 28:32	TSK Luk 21:26 (Votes=3)
5Móz 28:34	TSK Luk 21:26 (Votes=3)
5Móz 28:65	TSK Luk 21:26 (Votes=7)
5Móz 28:67	TSK Luk 21:26 (Votes=7)
5Móz 29:18	TSK Jer 9:15 (Votes=2)
5Móz 29:29	TSK Ézs 45:19 (Votes=2)
5Móz 30:11	TSK Ézs 45:19 (Votes=2)
5Móz 30:14	TSK Ézs 45:19 (Votes=2)
5Móz 32:15	TSK Ez 34:12-16 (Votes=2)
5Móz 32:21	TSK 1Sám 12:21 (Votes=2)
5Móz 32:35	TSK Ézs 13:22 (Votes=2)
5Móz 32:4	TSK Ézs 45:19 (Votes=2)
5Móz 4:19	TSK Zsolt 33:6 (Votes=5)
5Móz 4:36	TSK 5Móz 32:10 (Votes=4)
5Móz 8:15	TSK 5Móz 32:10 (Votes=9)
5Móz 8:16	TSK 5Móz 32:10 (Votes=9)
Abd 1:10	TSK Mal 1:3 (Votes=3)
Abd 1:18	TSK Mal 1:3 (Votes=2)
Abd 1:21	TSK Mal 1:3 (Votes=2)
ApCsel 12:23	TSK Zsolt 107:40 (Votes=3)
ApCsel 17:30	TSK Jel 20:11 (Votes=9)
ApCsel 17:31	TSK Jel 20:11 (Votes=9)
ApCsel 2:21	TSK Ez 34:12-16 (Votes=1)
ApCsel 2:4	TSK Ézs 45:19 (Votes=2)
ApCsel 2:8	TSK Ézs 45:19 (Votes=2)
ApCsel 3:14	TSK Ézs 29:21 (Votes=3)
ApCsel 8:11	TSK Jel 18:23 (Votes=2)
Bír 10:14	TSK Ézs 44:9 (Votes=3)
Bír 12:6	TSK Ézs 29:21 (Votes=2)
Bír 16:25	TSK Zsolt 80:6-7 (Votes=2)
Bír 1:6	TSK Zsolt 107:40 (Votes=3)
Bír 1:7	TSK Zsolt 107:40 (Votes=3)
Bír 20:38	TSK Jóel 2:30 (Votes=1)
Bír 20:40	TSK Jóel 2:30 (Votes=4)
Bír 3:29	TSK 2Sám 8:2 (Votes=2)
Bír 3:30	TSK 2Sám 8:2 (Votes=2)
Bír 4:21	TSK Zsolt 107:40 (Votes=3)
Csel 1:1	Károli-KH (forrás-vers: Mk 13:25)
Dán 11:19	TSK Jel 18:21 (Votes=3)
Dán 11:38	TSK Ézs 44:9 (Votes=4)
Dán 12:1	TSK Mk 13:24 (Votes=2); TSK Luk 21:25 (Votes=12)
Dán 2:21	Károli-KH (forrás-vers: Ézs 40:23)
Dán 2:35	TSK Jel 20:11 (Votes=11)
Dán 4:16	TSK Jób 12:24 (Votes=2)
Dán 4:32	Károli-KH (forrás-vers: Ézs 40:17)
Dán 4:33	TSK Jób 12:24 (Votes=2); TSK Zsolt 107:40 (Votes=5)
Dán 4:34	TSK Ézs 40:17 (Votes=9)
Dán 4:35	TSK Ézs 40:17 (Votes=9)
Dán 5:18	TSK Zsolt 107:40 (Votes=3)
Dán 5:23	TSK Ézs 44:9 (Votes=4)
Dán 5:30	TSK Zsolt 107:40 (Votes=3)
Dán 5:5	TSK Zsolt 107:40 (Votes=3)
Dán 5:6	TSK Zsolt 107:40 (Votes=3); TSK Náh 2:10 (Votes=5)
Dán 7:10	TSK Mk 13:24 (Votes=2); TSK Ézs 24:23 (Votes=2)
Dán 7:11	TSK Mt 24:29 (Votes=5)
Dán 7:12	TSK Mt 24:29 (Votes=5)
Dán 7:18	TSK Ézs 24:23 (Votes=2)
Dán 7:27	TSK Ézs 24:23 (Votes=2)
Dán 7:9	TSK Ézs 24:23 (Votes=2)
Ef 2:1	TSK Zsolt 104:30 (Votes=4)
Ef 2:4	TSK Zsolt 104:30 (Votes=5)
Ef 2:5	TSK Zsolt 104:30 (Votes=5)
Ef 4:18	TSK Ézs 44:9 (Votes=3)
Ef 5:2	TSK Ján 10:11 (Votes=12)
Ef 5:8	TSK Ézs 44:9 (Votes=4)
Ez 11:10	TSK Mal 1:4 (Votes=2)
Ez 11:17	TSK Ez 34:12-16 (Votes=78)
Ez 13:19	TSK Ézs 29:21 (Votes=2)
Ez 14:15	TSK Jer 9:10 (Votes=3)
Ez 20:22	TSK Sir 2:8 (Votes=2)
Ez 20:41	TSK Ez 34:12-16 (Votes=35)
Ez 22:29	TSK Ézs 59:4 (Votes=3)
Ez 22:31	TSK Ézs 59:4 (Votes=3)
Ez 23:31	TSK 2Kir 21:13 (Votes=3)
Ez 23:34	TSK 2Kir 21:13 (Votes=3)
Ez 24:10	TSK 2Kir 21:13 (Votes=2)
Ez 24:11	TSK 2Kir 21:13 (Votes=2)
Ez 25:13	TSK Mal 1:3 (Votes=2); Károli-KH (forrás-vers: Mal 1:3)
Ez 25:14	TSK Mal 1:3 (Votes=2); TSK Mal 1:4 (Votes=7)
Ez 26:21	TSK Jel 18:21 (Votes=7)
Ez 27:24	TSK Jel 18:23 (Votes=2)
Ez 27:25	TSK Jel 18:23 (Votes=2)
Ez 27:33	TSK Jel 18:23 (Votes=3)
Ez 27:34	TSK Jel 18:23 (Votes=3)
Ez 28:25	TSK Ez 34:12-16 (Votes=83)
Ez 28:26	TSK Ez 34:12-16 (Votes=83)
Ez 29:11	TSK Jer 9:10 (Votes=3)
Ez 30:18	TSK Ez 32:7 (Votes=3)
Ez 30:3	TSK Ez 32:7 (Votes=5); TSK Ez 34:12-16 (Votes=5)
Ez 32:7-8	Károli-KH (forrás-vers: Jóel 3:15); Károli-KH (forrás-vers: Jóel 2:31)
Ez 33:21	Károli-KH (forrás-vers: Ez 34:12-16)
Ez 33:28	TSK Jer 9:10 (Votes=3)
Ez 34:11	TSK Ez 34:12-16 (Votes=10); TSK Ján 10:11 (Votes=16)
Ez 34:15	TSK 1Móz 33:13 (Votes=3)
Ez 34:16	TSK Ján 10:11 (Votes=16); TSK 1Móz 33:13 (Votes=3)
Ez 34:18	TSK Ez 34:12-16 (Votes=20)
Ez 34:23	TSK Ez 34:12-16 (Votes=4); TSK Ján 10:11 (Votes=21); TSK 1Móz 33:13 (Votes=2); TSK 4Móz 11:12 (Votes=2); Károli-KH (forrás-vers: Ján 10:11)
Ez 34:25	TSK Ez 34:12-16 (Votes=20); TSK 1Móz 33:13 (Votes=2)
Ez 34:27	TSK Ez 34:12-16 (Votes=3)
Ez 34:31	Károli-KH (forrás-vers: Ez 34:12-16)
Ez 34:4	TSK Ez 34:12-16 (Votes=11)
Ez 35:3	TSK Mal 1:3 (Votes=3)
Ez 35:4	TSK Mal 1:3 (Votes=3)
Ez 35:7	TSK Mal 1:3 (Votes=1)
Ez 35:8	TSK Mal 1:3 (Votes=1)
Ez 35:9	TSK Mal 1:4 (Votes=5)
Ez 36:10	TSK Ézs 45:18 (Votes=6)
Ez 36:12	TSK Ézs 45:18 (Votes=6)
Ez 36:14	TSK Mal 1:3 (Votes=2)
Ez 36:15	TSK Mal 1:3 (Votes=2)
Ez 36:24	TSK Ez 34:12-16 (Votes=43)
Ez 36:29	TSK Ez 34:12-16 (Votes=3)
Ez 36:3	TSK Mal 1:3 (Votes=2)
Ez 36:30	TSK Ez 34:12-16 (Votes=3)
Ez 36:4	TSK Zsolt 80:6-7 (Votes=2); TSK Mal 1:3 (Votes=2)
Ez 36:7	TSK Mal 1:3 (Votes=2)
Ez 36:9	TSK Mal 1:3 (Votes=2)
Ez 37:21	TSK Ez 34:12-16 (Votes=31)
Ez 37:22	TSK Ez 34:12-16 (Votes=31)
Ez 37:24	TSK Ján 10:11 (Votes=19); Károli-KH (forrás-vers: Ján 10:11)
Ez 37:9	TSK Zsolt 104:30 (Votes=8)
Ez 38:19	TSK Jóel 3:16 (Votes=6)
Ez 38:8	TSK Ez 34:12-16 (Votes=27)
Ez 39:18	TSK Ez 34:12-16 (Votes=6)
Ez 39:27	TSK Ez 34:12-16 (Votes=37)
Ez 3:19	TSK Ézs 49:4 (Votes=3)
Ez 44:5	Károli-KH (forrás-vers: Ez 34:12-16)
Ez 7:10	TSK Ézs 13:22 (Votes=2)
Ez 7:7	TSK Ézs 13:22 (Votes=2)
Ezsd 8:22	TSK Ézs 45:19 (Votes=2)
Ezsdr 1:1	Károli-KH (forrás-vers: Ez 32:8)
Ezsdr 1:1-11	Károli-KH (forrás-vers: Ez 34:12-16)
Fil 2:10	TSK Ézs 49:4 (Votes=2)
Fil 2:9	TSK Ézs 49:4 (Votes=2)
Gal 4:11	TSK Ézs 49:4 (Votes=4)
Gal 4:19	TSK 4Móz 11:12 (Votes=2)
Hab 2:18	TSK 1Sám 12:21 (Votes=6); TSK Ézs 41:29 (Votes=2); TSK Ézs 44:9 (Votes=5)
Hab 2:20	TSK Ézs 44:9 (Votes=5)
Hab 2:3	TSK Ézs 13:22 (Votes=2)
Hab 3:6	TSK Ézs 24:19 (Votes=2)
Hag 2:6	TSK Jóel 3:16 (Votes=8)
Hós 10:1	igealak H1238
Hós 11:10	TSK Jóel 3:16 (Votes=3)
Hós 13:5	TSK 5Móz 32:10 (Votes=9)
Hós 2:18	TSK Ez 34:12-16 (Votes=2)
Hós 4:3	TSK Jer 9:10 (Votes=5)
Hós 7:11	TSK Jób 12:24 (Votes=2)
Hós 8:4	TSK Ézs 44:9 (Votes=4)
Hós 8:6	TSK Ézs 44:9 (Votes=4)
Jak 1:15	TSK Ézs 59:4 (Votes=6)
Jak 1:17	TSK Ézs 40:14 (Votes=1)
Jak 4:13	TSK Mal 1:4 (Votes=1)
Jak 4:16	TSK Mal 1:4 (Votes=1)
Jak 4:3	TSK Ézs 45:19 (Votes=4)
Jak 5:6	TSK Ézs 29:21 (Votes=5)
Jel 10:1	TSK Jel 18:21 (Votes=2)
Jel 10:3	TSK Jel 18:2 (Votes=1)
Jel 11:10	TSK Zsolt 80:6-7 (Votes=2)
Jel 11:13	TSK Jóel 3:16 (Votes=3)
Jel 11:15	TSK Ézs 24:23 (Votes=2)
Jel 11:19	TSK Jóel 3:16 (Votes=3)
Jel 11:7	TSK Ézs 24:10 (Votes=2)
Jel 11:8	TSK Ézs 24:10 (Votes=2)
Jel 12:8	TSK Jel 20:11 (Votes=5); TSK Jel 18:21 (Votes=3)
Jel 12:9	TSK Jel 18:23 (Votes=2)
Jel 13:13	TSK Jel 18:23 (Votes=3)
Jel 13:16	TSK Jel 18:23 (Votes=3)
Jel 14:1	TSK Ézs 24:23 (Votes=2)
Jel 14:15	TSK Jel 18:2 (Votes=1)
Jel 14:8	TSK Jel 18:2 (Votes=10); TSK Ézs 14:23 (Votes=4)
Jel 16:10	TSK Ézs 5:30 (Votes=4)
Jel 16:11	TSK Ézs 5:30 (Votes=4)
Jel 16:13	TSK Jel 18:2 (Votes=2)
Jel 16:18	TSK Jóel 3:16 (Votes=5)
Jel 16:19	TSK Jel 18:2 (Votes=5)
Jel 16:20	TSK Jel 20:11 (Votes=6); TSK Jel 18:21 (Votes=3)
Jel 16:8	TSK ApCsel 2:20 (Votes=4)
Jel 17:18	TSK Jel 18:2 (Votes=4)
Jel 17:2	TSK Jel 18:23 (Votes=3)
Jel 17:5	TSK Ézs 24:10 (Votes=3); TSK Jel 18:2 (Votes=4); TSK Jel 18:23 (Votes=3)
Jel 17:6	TSK Ézs 24:10 (Votes=3)
Jel 18:10	TSK Jel 18:2 (Votes=4); TSK Jel 18:21 (Votes=2)
Jel 18:11	TSK Jel 18:23 (Votes=3)
Jel 18:18	TSK Jóel 2:30 (Votes=1)
Jel 18:19	TSK Jel 18:23 (Votes=3)
Jel 18:22	TSK Jel 18:21 (Votes=3); TSK Jel 18:23 (Votes=3)
Jel 18:3	TSK Jel 18:23 (Votes=11)
Jel 18:9	TSK Jóel 2:30 (Votes=2); TSK Jel 18:23 (Votes=3)
Jel 19:11	TSK Jel 20:11 (Votes=3)
Jel 19:18	TSK Zsolt 107:40 (Votes=3); TSK Ézs 40:23 (Votes=2)
Jel 19:20	TSK Ézs 40:23 (Votes=2)
Jel 19:4	TSK Ézs 24:23 (Votes=2)
Jel 19:6	TSK Ézs 24:23 (Votes=2)
Jel 1:15	TSK Jel 18:2 (Votes=0)
Jel 20:2	TSK Jel 20:11 (Votes=5)
Jel 21:1	TSK Jel 20:11 (Votes=15)
Jel 21:23	TSK Ézs 24:23 (Votes=6)
Jel 21:5	TSK Zsolt 104:30 (Votes=7)
Jel 21:8	TSK Jel 18:23 (Votes=3)
Jel 22:15	TSK Jel 18:23 (Votes=5)
Jel 22:5	TSK Ézs 24:23 (Votes=5); TSK Jel 18:23 (Votes=2)
Jel 3:14	TSK Mt 24:35 (Votes=69)
Jel 4:2	TSK Jel 20:11 (Votes=4)
Jel 5:2	TSK Jel 18:2 (Votes=1); TSK Jel 18:21 (Votes=4)
Jel 6:12	TSK Mt 24:29 (Votes=11); TSK Mk 13:24 (Votes=4); TSK Ézs 13:10 (Votes=4); TSK Jóel 3:15 (Votes=2); TSK Luk 21:25 (Votes=15); TSK Ez 32:7 (Votes=3); TSK Ámós 8:9 (Votes=3); TSK Jóel 2:10 (Votes=2); TSK Jóel 2:30 (Votes=3); TSK Jóel 2:31 (Votes=11); TSK ApCsel 2:20 (Votes=4); TSK Ézs 5:30 (Votes=3); TSK Ézs 24:23 (Votes=3)
Jel 6:13	TSK Mk 13:25 (Votes=2); TSK Jóel 3:15 (Votes=2); TSK Ez 32:7 (Votes=3); TSK Jóel 2:31 (Votes=11)
Jel 6:14	TSK Mk 13:24 (Votes=4); TSK Ézs 13:10 (Votes=4); TSK Luk 21:25 (Votes=15); TSK Mt 24:35 (Votes=66); TSK Ézs 24:23 (Votes=3); TSK Jel 20:11 (Votes=6)
Jel 6:17	TSK Mt 24:29 (Votes=11); TSK Jóel 2:30 (Votes=3)
Jel 7:16	TSK Ez 34:12-16 (Votes=3)
Jel 7:17	TSK Ján 10:11 (Votes=38)
Jel 8:11	TSK Jer 9:15 (Votes=2)
Jel 8:12	TSK Mt 24:29 (Votes=8); TSK Ézs 13:10 (Votes=5); TSK Ez 32:7 (Votes=3); TSK Ámós 8:9 (Votes=3); TSK Jóel 2:10 (Votes=1)
Jer 10:12	TSK Ézs 45:18 (Votes=10)
Jer 10:14	TSK Ézs 44:9 (Votes=6)
Jer 10:15	TSK 1Sám 12:21 (Votes=5); TSK Ézs 44:9 (Votes=6)
Jer 10:16	TSK Ézs 41:29 (Votes=2)
Jer 10:2	TSK Ézs 41:29 (Votes=2)
Jer 10:24	TSK Ez 34:12-16 (Votes=5)
Jer 10:3	TSK Ézs 44:9 (Votes=4)
Jer 10:8	TSK 1Sám 12:21 (Votes=2); TSK Ézs 44:9 (Votes=4)
Jer 12:10	TSK Jer 9:10 (Votes=3)
Jer 12:4	TSK Jer 9:10 (Votes=6)
Jer 13:15	TSK Zsolt 107:40 (Votes=3)
Jer 13:16	TSK Ez 32:7 (Votes=3); TSK Jer 9:10 (Votes=2); TSK Ez 34:12-16 (Votes=2)
Jer 13:17	TSK Jer 9:10 (Votes=2)
Jer 13:18	TSK Zsolt 107:40 (Votes=3)
Jer 14:2	TSK Sir 2:8 (Votes=4)
Jer 14:22	TSK 1Sám 12:21 (Votes=4); TSK Ézs 44:9 (Votes=4)
Jer 14:6	TSK Jer 9:10 (Votes=2)
Jer 15:10	TSK Zsolt 80:6-7 (Votes=2)
Jer 15:9	TSK Ámós 8:9 (Votes=8)
Jer 16:16	Károli-KH (forrás-vers: Ézs 40:17)
Jer 16:19	TSK 1Sám 12:21 (Votes=5); TSK Ézs 44:9 (Votes=4); TSK Jóel 3:16 (Votes=7)
Jer 16:20	TSK Ézs 44:9 (Votes=4)
Jer 16:9	TSK Jel 18:23 (Votes=4); Károli-KH (forrás-vers: Jel 18:23)
Jer 18:18	TSK Ézs 29:21 (Votes=2); Károli-KH (forrás-vers: Ézs 29:21)
Jer 19:7	igealak H1238
Jer 1:4	Károli-KH (forrás-vers: Ézs 24:19)
Jer 20:10	TSK Ézs 29:21 (Votes=2)
Jer 20:7	TSK Ézs 29:21 (Votes=2)
Jer 22:14	TSK Sof 2:14 (Votes=3)
Jer 23:10	TSK Jer 9:10 (Votes=2)
Jer 23:15	TSK Jer 9:15 (Votes=3); TSK Ez 34:12-16 (Votes=2); Károli-KH (forrás-vers: Jer 9:15)
Jer 23:3	TSK Ez 34:12-16 (Votes=47)
Jer 23:4	TSK Ez 34:12-16 (Votes=47)
Jer 23:8	TSK Ez 34:12-16 (Votes=33)
Jer 25:15	TSK Jer 9:15 (Votes=2)
Jer 25:16	Károli-KH (forrás-vers: Jel 18:23)
Jer 25:18	TSK Ézs 40:23 (Votes=4)
Jer 25:27	TSK Ézs 40:23 (Votes=4)
Jer 25:30	TSK Jóel 3:16 (Votes=7); TSK Jel 18:2 (Votes=1); Károli-KH (forrás-vers: Jóel 3:16)
Jer 25:31	TSK Jóel 3:16 (Votes=7)
Jer 25:9	TSK 2Kir 21:13 (Votes=3)
Jer 26:2	TSK Ézs 29:21 (Votes=2)
Jer 26:8	TSK Ézs 29:21 (Votes=2)
Jer 29:13	TSK Ézs 45:19 (Votes=10)
Jer 29:14	TSK Ézs 45:19 (Votes=10)
Jer 2:11	TSK Ézs 44:9 (Votes=4)
Jer 2:13	TSK 1Sám 12:21 (Votes=3)
Jer 2:27	TSK Ézs 44:9 (Votes=4)
Jer 2:28	TSK Ézs 44:9 (Votes=4)
Jer 2:5	TSK 1Sám 12:21 (Votes=2)
Jer 2:6	TSK 5Móz 32:10 (Votes=6); TSK Jer 9:10 (Votes=2)
Jer 30:18	TSK Ez 34:12-16 (Votes=28)
Jer 30:3	TSK Ez 34:12-16 (Votes=42)
Jer 30:6	TSK Náh 2:10 (Votes=4)
Jer 31:10	TSK Ez 34:12-16 (Votes=4)
Jer 31:12	TSK Ez 34:12-16 (Votes=3)
Jer 31:14	TSK Ez 34:12-16 (Votes=3)
Jer 31:17	TSK Mal 1:4 (Votes=3)
Jer 31:25	TSK Ez 34:12-16 (Votes=5)
Jer 31:35	TSK Mt 24:35 (Votes=73)
Jer 31:36	TSK Mt 24:35 (Votes=73)
Jer 31:8	TSK Ez 34:12-16 (Votes=29)
Jer 32:37	TSK Ez 34:12-16 (Votes=56)
Jer 33:12	TSK Ez 34:12-16 (Votes=3)
Jer 33:13	TSK Ez 34:12-16 (Votes=3)
Jer 39:4	TSK Ézs 24:10 (Votes=2)
Jer 39:8	TSK Ézs 24:10 (Votes=2)
Jer 3:15	TSK Ez 34:12-16 (Votes=4)
Jer 48:27	TSK Zsolt 80:6-7 (Votes=2)
Jer 49:10	TSK Mal 1:3 (Votes=2)
Jer 49:16	TSK Mal 1:3 (Votes=3)
Jer 49:18	TSK Mal 1:3 (Votes=3)
Jer 4:14	TSK Zsolt 80:6-7 (Votes=4)
Jer 4:19	TSK Jer 9:10 (Votes=2)
Jer 4:25	TSK Mk 13:24 (Votes=2)
Jer 4:26	TSK Náh 2:10 (Votes=2); TSK Jel 20:11 (Votes=8); TSK Jer 9:10 (Votes=2)
Jer 4:28	TSK Mt 24:29 (Votes=5); TSK Mk 13:24 (Votes=1); TSK Ézs 5:30 (Votes=5); TSK Ézs 24:19 (Votes=3)
Jer 50:11	TSK Ez 34:12-16 (Votes=2)
Jer 50:13	TSK Ézs 13:20 (Votes=2)
Jer 50:21	TSK Ézs 13:20 (Votes=2)
Jer 50:3	TSK Ézs 13:20 (Votes=2)
Jer 50:39	TSK Jel 18:2 (Votes=7); TSK Ézs 14:23 (Votes=4); TSK Ézs 13:20 (Votes=2); Károli-KH (forrás-vers: Ézs 13:20)
Jer 50:40	TSK Jel 18:2 (Votes=7); TSK Ézs 14:23 (Votes=4)
Jer 50:42	TSK Ézs 5:30 (Votes=2)
Jer 50:45	TSK Ézs 13:20 (Votes=2)
Jer 51:15	TSK Ézs 45:18 (Votes=4)
Jer 51:2	igealak H1238
Jer 51:25	TSK Ézs 14:23 (Votes=3); TSK Ézs 13:20 (Votes=2)
Jer 51:26	TSK Ézs 14:23 (Votes=3)
Jer 51:29	TSK Ézs 13:20 (Votes=2)
Jer 51:33	TSK Ézs 13:22 (Votes=3)
Jer 51:37	TSK Jel 18:2 (Votes=8); TSK Mal 1:3 (Votes=2); TSK Ézs 13:20 (Votes=1)
Jer 51:42	TSK Ézs 14:23 (Votes=3)
Jer 51:43	TSK Ézs 14:23 (Votes=3); TSK Ézs 13:20 (Votes=4)
Jer 51:60	TSK Jel 18:2 (Votes=6)
Jer 51:62	TSK Náh 2:10 (Votes=2); TSK Ézs 13:20 (Votes=1)
Jer 51:63	TSK Jel 18:21 (Votes=8)
Jer 51:64	TSK Jel 18:2 (Votes=6); TSK Jel 18:21 (Votes=8); TSK Ézs 13:20 (Votes=1); Károli-KH (forrás-vers: Jel 18:21)
Jer 51:8	TSK Jel 18:2 (Votes=8)
Jer 52:13	TSK Ézs 24:10 (Votes=2)
Jer 52:14	TSK Ézs 24:10 (Votes=2)
Jer 52:24-27	Károli-KH (forrás-vers: 2Kir 21:13)
Jer 52:7	TSK Ézs 24:10 (Votes=2)
Jer 52:7-14	Károli-KH (forrás-vers: 2Kir 21:13)
Jer 5:1	TSK Ézs 59:4 (Votes=2)
Jer 5:10	TSK Sir 2:8 (Votes=3)
Jer 5:13	TSK Ézs 41:29 (Votes=5)
Jer 5:4	TSK Ézs 59:4 (Votes=3)
Jer 5:5	TSK Ézs 59:4 (Votes=3)
Jer 6:23	TSK Ézs 5:30 (Votes=3)
Jer 7:29	TSK Jer 9:10 (Votes=3)
Jer 7:34	TSK Jel 18:23 (Votes=7); Károli-KH (forrás-vers: Jel 18:23)
Jer 7:4	TSK Ézs 59:4 (Votes=5)
Jer 7:8	TSK Ézs 59:4 (Votes=5)
Jer 8:14	TSK Jer 9:15 (Votes=5); Károli-KH (forrás-vers: Jer 9:15)
Jer 8:18	TSK Jer 9:10 (Votes=2)
Jer 8:2	TSK Zsolt 33:6 (Votes=4)
Jer 9:11	TSK Mal 1:3 (Votes=2)
Jer 9:25	TSK Ézs 24:10 (Votes=2)
Jer 9:26	TSK Ézs 24:10 (Votes=2)
Ján 10:12	TSK Ez 34:12-16 (Votes=10)
Ján 10:14	TSK Ján 10:11 (Votes=47)
Ján 10:15	TSK Ján 10:11 (Votes=47)
Ján 10:17	TSK Ján 10:11 (Votes=16)
Ján 10:18	TSK Ján 10:11 (Votes=16)
Ján 10:9	TSK Ez 34:12-16 (Votes=6)
Ján 15:13	TSK Ján 10:11 (Votes=45)
Ján 17:4	TSK Ézs 49:4 (Votes=2)
Ján 17:5	TSK Ézs 49:4 (Votes=2)
Ján 18:20	TSK Ézs 45:19 (Votes=7)
Ján 1:1	TSK Zsolt 33:6 (Votes=18)
Ján 1:1-3	Károli-KH (forrás-vers: Zsolt 33:6)
Ján 1:11	TSK Ézs 49:4 (Votes=2)
Ján 1:3	TSK Zsolt 33:6 (Votes=18)
Ján 20:22	TSK Zsolt 33:6 (Votes=10)
Ján 21:15	TSK Ez 34:12-16 (Votes=4); TSK 1Móz 33:13 (Votes=2)
Ján 21:17	TSK 1Móz 33:13 (Votes=2)
Ján 7:26	TSK Ézs 45:19 (Votes=2)
Ján 7:28	TSK Ézs 45:19 (Votes=2)
Ján 7:37	TSK Ézs 45:19 (Votes=2)
Ján 7:39	TSK Ézs 45:19 (Votes=2)
Jób 11:7	TSK Ézs 40:12 (Votes=9); TSK Jób 26:14 (Votes=6)
Jób 11:9	TSK Ézs 40:12 (Votes=9); TSK Jób 26:14 (Votes=6)
Jób 12:14	TSK Mal 1:4 (Votes=2)
Jób 12:17-24	Károli-KH (forrás-vers: Ézs 40:23)
Jób 12:19	Károli-KH (forrás-vers: Jób 12:24)
Jób 12:20	TSK Jób 12:24 (Votes=3)
Jób 12:21	TSK Zsolt 107:40 (Votes=8); TSK Ézs 40:23 (Votes=5); Károli-KH (forrás-vers: Zsolt 107:40)
Jób 13:21	TSK Sir 2:8 (Votes=2)
Jób 15:31	TSK Ézs 59:4 (Votes=2)
Jób 15:35	TSK Ézs 59:4 (Votes=9); Károli-KH (forrás-vers: Ézs 59:4)
Jób 17:4	TSK Jób 12:24 (Votes=2)
Jób 18:5	TSK Ez 32:7 (Votes=3)
Jób 18:6	TSK Ez 32:7 (Votes=3)
Jób 20:8	TSK Jel 18:21 (Votes=3)
Jób 21:17	TSK Jel 18:23 (Votes=3)
Jób 21:22	TSK Ézs 40:14 (Votes=5)
Jób 25:6	TSK Ézs 40:17 (Votes=0)
Jób 26:10-13	Károli-KH (forrás-vers: Ézs 40:12)
Jób 26:13	TSK Zsolt 104:30 (Votes=7); TSK Zsolt 33:6 (Votes=8)
Jób 28:25	TSK Ézs 40:12 (Votes=9)
Jób 33:4	TSK Zsolt 104:30 (Votes=15); TSK Zsolt 33:6 (Votes=17)
Jób 34:19	TSK Ézs 40:23 (Votes=2)
Jób 34:20	TSK Ézs 40:23 (Votes=2)
Jób 34:29	TSK Mal 1:4 (Votes=2)
Jób 36:29	TSK Jób 26:14 (Votes=5)
Jób 38:11	TSK Ézs 40:12 (Votes=16)
Jób 38:4	TSK Ézs 40:12 (Votes=16); TSK Ézs 24:23 (Votes=2)
Jób 38:5-10	Károli-KH (forrás-vers: Ézs 40:12)
Jób 38:7	TSK Ézs 24:23 (Votes=2)
Jób 40:9	TSK Jób 26:14 (Votes=5)
Jób 4:12	TSK Jób 26:14 (Votes=5)
Jób 5:14	TSK Ámós 8:9 (Votes=5)
Jób 9:4	TSK Mal 1:4 (Votes=2)
Jób 9:6	TSK Jel 20:11 (Votes=4)
Jób 9:8	TSK Jób 26:7 (Votes=13)
Jóel 1:10	TSK Jer 9:10 (Votes=2)
Jóel 1:12	TSK Jer 9:10 (Votes=2)
Jóel 2:1	TSK ApCsel 2:20 (Votes=6); TSK Ez 34:12-16 (Votes=1)
Jóel 2:10-31	Károli-KH (forrás-vers: Jóel 3:15)
Jóel 2:11	TSK Jóel 3:16 (Votes=10)
Jóel 2:2	TSK Ez 32:7 (Votes=5); TSK Jóel 2:10 (Votes=-1)
Jóel 2:3	TSK Ez 34:12-16 (Votes=1)
Jóel 2:6	TSK Náh 2:10 (Votes=5)
Jóel 3:1	TSK Jóel 2:31 (Votes=4)
Jóel 3:14	TSK ApCsel 2:20 (Votes=5)
Jóel 3:19	TSK Mal 1:3 (Votes=3)
Jón 2:8	TSK 1Sám 12:21 (Votes=3)
Józs 10:24	TSK Zsolt 107:40 (Votes=3)
Józs 10:26	TSK Zsolt 107:40 (Votes=3)
Józs 2:11	TSK Náh 2:10 (Votes=2)
Józs 8:20	TSK Jóel 2:30 (Votes=1)
Kol 2:3	TSK Ézs 40:14 (Votes=4)
Luk 10:9	Károli-KH (forrás-vers: Náh 2:10)
Luk 11:53	TSK Ézs 29:21 (Votes=2)
Luk 11:54	TSK Ézs 29:21 (Votes=2)
Luk 14:26	TSK Mal 1:3 (Votes=1)
Luk 14:34-35	Károli-KH (forrás-vers: Mal 1:4)
Luk 15:4	TSK Ez 34:12-16 (Votes=5); TSK Ez 34:12-16 (Votes=9)
Luk 15:6	TSK Ez 34:12-16 (Votes=5)
Luk 15:7	TSK Ez 34:12-16 (Votes=9)
Luk 19:10	TSK Ez 34:12-16 (Votes=9); TSK Ez 34:12-16 (Votes=14)
Luk 19:39	Károli-KH (forrás-vers: Luk 21:26)
Luk 19:43	TSK Ézs 24:10 (Votes=2)
Luk 1:16	TSK Zsolt 80:6-7 (Votes=2)
Luk 1:51	TSK Ézs 40:23 (Votes=2)
Luk 1:52	TSK Ézs 40:23 (Votes=2)
Luk 21:11	TSK Jóel 2:30 (Votes=10)
Luk 21:24	TSK Ézs 24:10 (Votes=2)
Luk 21:27	TSK Mk 13:24 (Votes=2)
Luk 21:33	Károli-KH (forrás-vers: Mt 24:35)
Luk 23:44	TSK Ámós 8:9 (Votes=8)
Luk 24:26	TSK Ézs 49:4 (Votes=2)
Luk 5:31	TSK Ez 34:12-16 (Votes=9)
Luk 5:32	TSK Ez 34:12-16 (Votes=9)
Luk 7:50	Károli-KH (forrás-vers: Luk 21:26)
Luk 8:27	TSK Jel 18:2 (Votes=1)
Luk 8:28	TSK Jel 18:2 (Votes=1)
Mal 3:13	TSK Ézs 45:19 (Votes=4)
Mal 3:14	TSK Ézs 45:19 (Votes=4)
Mal 3:5	TSK Ézs 29:21 (Votes=2)
Mal 4:1	TSK Jóel 2:31 (Votes=9); TSK ApCsel 2:19 (Votes=3)
Mal 4:5	TSK Jóel 2:31 (Votes=9); TSK ApCsel 2:20 (Votes=7)
Mal 4:6	TSK ApCsel 2:19 (Votes=3)
Mik 2:1	TSK Ézs 59:4 (Votes=4)
Mik 2:13	TSK Ézs 24:10 (Votes=2)
Mik 2:6	TSK Ézs 29:21 (Votes=2)
Mik 2:7	TSK Ézs 29:21 (Votes=2)
Mik 3:12	TSK Ézs 24:10 (Votes=2)
Mik 3:6	TSK Ámós 8:9 (Votes=6); Károli-KH (forrás-vers: Ámós 8:9)
Mik 4:6	TSK Ez 34:12-16 (Votes=8)
Mik 4:7	TSK Ézs 24:23 (Votes=3); TSK Ez 34:12-16 (Votes=8)
Mik 5:4	TSK Ján 10:11 (Votes=15)
Mik 7:14	TSK Ez 34:12-16 (Votes=31); TSK Ez 34:12-16 (Votes=5)
Mik 7:15	TSK Ez 34:12-16 (Votes=31)
Mik 7:2	TSK Ézs 59:4 (Votes=6)
Mik 7:4	TSK Luk 21:25 (Votes=5)
Mik 7:5	TSK Ézs 59:4 (Votes=6)
Mk 13:26	TSK Luk 21:25 (Votes=9); TSK Ézs 24:23 (Votes=2)
Mk 15:33	TSK Luk 21:25 (Votes=7); TSK Ámós 8:9 (Votes=10)
Mk 2:17	TSK Ez 34:12-16 (Votes=7)
Mk 4:12	TSK Zsolt 80:6-7 (Votes=2)
Mk 5:3	TSK Jel 18:2 (Votes=2)
Mk 5:5	TSK Jel 18:2 (Votes=2)
Mt 12:30	TSK Mal 1:4 (Votes=1)
Mt 15:24	TSK Ez 34:12-16 (Votes=3)
Mt 15:8	TSK Ézs 45:19 (Votes=1)
Mt 15:9	TSK Ézs 45:19 (Votes=1)
Mt 17:17	TSK Ézs 49:4 (Votes=3)
Mt 18:10	TSK Ez 34:12-16 (Votes=3)
Mt 18:14	TSK Ez 34:12-16 (Votes=3)
Mt 20:28	TSK Ján 10:11 (Votes=17)
Mt 22:15	TSK Ézs 29:21 (Votes=2)
Mt 23:34	TSK Ézs 24:10 (Votes=2)
Mt 23:35	TSK Ézs 24:10 (Votes=2)
Mt 23:37	TSK Ézs 49:4 (Votes=3)
Mt 24:21	TSK Mt 24:29 (Votes=2)
Mt 24:3	TSK Ézs 24:19 (Votes=2)
Mt 24:31	TSK Mk 13:24 (Votes=4)
Mt 24:8	TSK Mt 24:29 (Votes=0)
Mt 25:31	TSK Jel 20:11 (Votes=11)
Mt 26:15	TSK Ézs 29:21 (Votes=2)
Mt 27:45	TSK Luk 21:25 (Votes=5); TSK Ámós 8:9 (Votes=9); TSK Jóel 2:31 (Votes=3); TSK ApCsel 2:20 (Votes=3)
Mt 27:51	TSK Jóel 2:10 (Votes=-1)
Mt 5:18	TSK Mt 24:35 (Votes=228)
Mt 6:10	TSK Ézs 24:23 (Votes=1)
Mt 6:13	TSK Ézs 24:23 (Votes=-1)
Márk 16:12	Károli-KH (forrás-vers: Luk 21:25)
Márk 9:50	Károli-KH (forrás-vers: Mal 1:4)
Mát 5:18	Károli-KH (forrás-vers: Mt 24:35)
Máté 24:29	Károli-KH (forrás-vers: Ézs 13:10)
Neh 9:11	TSK Jel 18:21 (Votes=2)
Neh 9:19	TSK 5Móz 32:10 (Votes=5)
Neh 9:21	TSK 5Móz 32:10 (Votes=5)
Náh 1:5	TSK Jóel 2:10 (Votes=1); TSK Ézs 24:19 (Votes=3)
Náh 2:2	igealak H1238
Náh 3:4	TSK Jel 18:23 (Votes=7)
Náh 3:7	TSK Náh 2:10 (Votes=2)
Péld 12:10	TSK 1Móz 33:13 (Votes=2)
Péld 13:9	TSK Ez 32:7 (Votes=3)
Péld 15:8	TSK Ézs 45:19 (Votes=4)
Péld 18:10	TSK Jóel 3:16 (Votes=7)
Péld 1:21	TSK Ézs 45:19 (Votes=2)
Péld 20:20	TSK Ez 32:8 (Votes=2)
Péld 21:30	TSK Mal 1:4 (Votes=2)
Péld 24:20	TSK Jel 18:23 (Votes=3)
Péld 28:21	TSK Ézs 29:21 (Votes=2)
Péld 30:4	TSK Ézs 40:12 (Votes=22); Károli-KH (forrás-vers: Ézs 40:12)
Péld 30:5	TSK Ézs 45:19 (Votes=6); TSK Mt 24:35 (Votes=210)
Péld 3:11	Károli-KH (forrás-vers: Jób 26:14)
Péld 4:16	TSK Ézs 59:4 (Votes=4)
Péld 4:18	TSK Jel 18:23 (Votes=3)
Péld 4:19	TSK Jel 18:23 (Votes=3)
Péld 7:2	TSK 5Móz 32:10 (Votes=5)
Péld 8:1	TSK Ézs 45:19 (Votes=3)
Péld 8:23	TSK Jób 26:7 (Votes=7)
Péld 8:26	TSK Ézs 40:12 (Votes=12)
Péld 8:27	TSK Jób 26:7 (Votes=7)
Péld 8:28	TSK Ézs 40:12 (Votes=12)
Péld 8:4	TSK Ézs 45:19 (Votes=3)
Péld 8:6	TSK Ézs 45:19 (Votes=1)
Róm 10:21	TSK Ézs 49:4 (Votes=2)
Róm 11:33	TSK Jób 26:14 (Votes=5)
Róm 1:22	TSK Ézs 44:9 (Votes=4)
Róm 1:25	TSK Zsolt 33:6 (Votes=7)
Róm 2:18	TSK 5Móz 32:10 (Votes=4)
Róm 2:5	TSK Jel 20:11 (Votes=10)
Róm 3:2	TSK 5Móz 32:10 (Votes=3)
Sir 1:16	TSK Jer 9:10 (Votes=2)
Sir 2:11	TSK Jer 9:10 (Votes=2)
Sir 2:17	TSK Sir 2:8 (Votes=2)
Sir 2:2	TSK Sir 2:8 (Votes=2)
Sir 2:5	TSK Sir 2:8 (Votes=2)
Sir 3:15	TSK Jer 9:15 (Votes=4)
Sir 3:19	TSK Jer 9:15 (Votes=2)
Sir 3:2	TSK Ézs 5:30 (Votes=2)
Sir 3:37	TSK Mal 1:4 (Votes=2)
Sir 4:21	TSK Mal 1:4 (Votes=3)
Sir 4:22	TSK Mal 1:4 (Votes=3)
Siral 1:4	Károli-KH (forrás-vers: Ez 34:12-16)
Sof 1:14	TSK Mt 24:29 (Votes=8); TSK Mk 13:24 (Votes=2); TSK Jóel 2:31 (Votes=6); TSK ApCsel 2:19 (Votes=3)
Sof 1:15	TSK Mt 24:29 (Votes=8); TSK Ézs 13:10 (Votes=4); TSK Ez 34:12-16 (Votes=3)
Sof 1:16	TSK Ézs 13:10 (Votes=4); TSK Jóel 2:31 (Votes=6)
Sof 1:18	TSK Mk 13:24 (Votes=2); TSK ApCsel 2:19 (Votes=3)
Sof 2:13	TSK Náh 2:10 (Votes=3)
Sof 2:15	TSK Náh 2:10 (Votes=3)
Sof 2:2	TSK ApCsel 2:20 (Votes=3)
Sof 2:3	TSK ApCsel 2:20 (Votes=3)
Sof 2:6	TSK Sof 2:14 (Votes=1)
Sof 3:13	TSK Ez 34:12-16 (Votes=3)
Sof 3:19	TSK Ez 34:12-16 (Votes=64)
Sof 3:20	TSK Ez 34:12-16 (Votes=64)
Sof 3:6	TSK Náh 2:10 (Votes=2)
Tit 1:2	TSK Mt 24:35 (Votes=106)
Tit 2:14	TSK Ján 10:11 (Votes=17)
Tit 3:5	TSK Zsolt 104:30 (Votes=6)
Zak 10:12	TSK Jóel 3:16 (Votes=3)
Zak 10:6	TSK Jóel 3:16 (Votes=2)
Zak 12:5	TSK Jóel 3:16 (Votes=2)
Zak 12:8	TSK Jóel 3:16 (Votes=2)
Zak 13:7	TSK Ján 10:11 (Votes=17)
Zak 1:16	TSK 2Kir 21:13 (Votes=2)
Zak 2:8	TSK 5Móz 32:10 (Votes=8)
Zak 9:9	TSK Ézs 24:23 (Votes=2)
Zsid 10:26	TSK Luk 21:26 (Votes=3)
Zsid 10:27	TSK Luk 21:26 (Votes=3)
Zsid 11:3	TSK Zsolt 33:6 (Votes=29)
Zsid 12:2	TSK Ézs 49:4 (Votes=2)
Zsid 12:22	TSK Ézs 24:23 (Votes=4)
Zsid 12:26	TSK Jóel 3:16 (Votes=3)
Zsid 13:20	TSK Ján 10:11 (Votes=22)
Zsid 1:10	TSK Ézs 40:12 (Votes=20)
Zsid 1:11	TSK Mt 24:35 (Votes=94)
Zsid 1:12	TSK Ézs 40:12 (Votes=20); TSK Mt 24:35 (Votes=94)
Zsolt 102:10	Károli-KH (forrás-vers: Zsolt 80:6-7)
Zsolt 102:25	TSK Ézs 40:12 (Votes=17)
Zsolt 102:26	TSK Ézs 40:12 (Votes=17); TSK Mt 24:35 (Votes=100)
Zsolt 103:5	Károli-KH (forrás-vers: Ézs 13:22)
Zsolt 104:2	TSK Jób 26:7 (Votes=11); TSK Ézs 40:12 (Votes=8)
Zsolt 104:3	TSK Ézs 40:12 (Votes=8)
Zsolt 104:5	TSK Jób 26:7 (Votes=11)
Zsolt 106:47	TSK Ez 34:12-16 (Votes=61)
Zsolt 107:4	TSK 5Móz 32:10 (Votes=3); TSK Jób 12:24 (Votes=2); TSK Zsolt 107:40 (Votes=3)
Zsolt 107:5	TSK 5Móz 32:10 (Votes=3)
Zsolt 108:9	TSK 2Sám 8:2 (Votes=2)
Zsolt 111:7	TSK Ézs 45:19 (Votes=3)
Zsolt 111:8	TSK Ézs 45:19 (Votes=3)
Zsolt 114:7	TSK Jóel 2:10 (Votes=0)
Zsolt 115:16	TSK Ézs 45:18 (Votes=14)
Zsolt 115:4	TSK 1Sám 12:21 (Votes=2); TSK Ézs 41:29 (Votes=2)
Zsolt 115:4-8	Károli-KH (forrás-vers: Ézs 41:29)
Zsolt 115:5	Károli-KH (forrás-vers: Ézs 44:9)
Zsolt 115:8	TSK 1Sám 12:21 (Votes=2); TSK Ézs 41:29 (Votes=2); TSK Ézs 44:9 (Votes=4)
Zsolt 119:137	TSK Ézs 45:19 (Votes=3)
Zsolt 119:138	TSK Ézs 45:19 (Votes=3)
Zsolt 127:1	TSK Mal 1:4 (Votes=2)
Zsolt 129:3	Károli-KH (forrás-vers: Ézs 45:18)
Zsolt 12:6	TSK Ézs 45:19 (Votes=2)
Zsolt 132:13-14	Károli-KH (forrás-vers: Ez 34:12-16)
Zsolt 135:15	TSK Ézs 41:29 (Votes=2)
Zsolt 135:18	TSK Ézs 41:29 (Votes=2); TSK Ézs 44:9 (Votes=4)
Zsolt 137:7	TSK Mal 1:4 (Votes=2); Károli-KH (forrás-vers: Zsolt 80:6-7)
Zsolt 139:6	TSK Jób 26:14 (Votes=6)
Zsolt 145:3	TSK Jób 26:14 (Votes=6)
Zsolt 147:19	TSK 5Móz 32:10 (Votes=4)
Zsolt 147:20	TSK 5Móz 32:10 (Votes=4)
Zsolt 148:1	TSK Zsolt 33:6 (Votes=6)
Zsolt 148:5	TSK Zsolt 33:6 (Votes=6)
Zsolt 14:6	TSK Jel 20:11 (Votes=3)
Zsolt 14:7	TSK Jel 20:11 (Votes=3)
Zsolt 17:8	TSK 5Móz 32:10 (Votes=7)
Zsolt 18:2	TSK Jóel 3:16 (Votes=5)
Zsolt 18:7	TSK Jóel 2:10 (Votes=5)
Zsolt 19:10	TSK Ézs 45:19 (Votes=3)
Zsolt 19:15	Károli-KH (forrás-vers: Zsolt 104:30)
Zsolt 19:7	TSK Ézs 45:19 (Votes=3); TSK Mt 24:35 (Votes=88)
Zsolt 22:14	TSK Náh 2:10 (Votes=6)
Zsolt 22:22	TSK Ézs 49:4 (Votes=2)
Zsolt 22:31	TSK Ézs 49:4 (Votes=2)
Zsolt 23:1	TSK Ez 34:12-16 (Votes=3); TSK Ez 34:12-16 (Votes=3); TSK Ján 10:11 (Votes=45)
Zsolt 23:2	TSK Ez 34:12-16 (Votes=3); TSK Ez 34:12-16 (Votes=3)
Zsolt 24:2	TSK Jób 26:7 (Votes=9)
Zsolt 24:6	TSK Ézs 45:19 (Votes=2)
Zsolt 29:11	TSK Jóel 3:16 (Votes=4)
Zsolt 29:3	TSK Jób 26:14 (Votes=5)
Zsolt 31:10	TSK Ez 34:12-16 (Votes=3)
Zsolt 31:8	TSK Ez 34:12-16 (Votes=3)
Zsolt 32:10	TSK 5Móz 32:10 (Votes=6)
Zsolt 32:7	TSK 5Móz 32:10 (Votes=6)
Zsolt 33:9	TSK Zsolt 33:6 (Votes=15)
Zsolt 37:36	TSK Jel 18:21 (Votes=2)
Zsolt 44:13	TSK Zsolt 80:6-7 (Votes=2)
Zsolt 44:14	TSK Zsolt 80:6-7 (Votes=2); Károli-KH (forrás-vers: Zsolt 80:6-7)
Zsolt 46:1	TSK Jóel 3:16 (Votes=4)
Zsolt 46:11	TSK Jóel 3:16 (Votes=4)
Zsolt 46:3	TSK Luk 21:25 (Votes=8)
Zsolt 47:8	TSK Jel 20:11 (Votes=5)
Zsolt 51:10	TSK Zsolt 80:6-7 (Votes=5)
Zsolt 60:3	TSK Jer 9:15 (Votes=2)
Zsolt 60:8	TSK 2Sám 8:2 (Votes=3)
Zsolt 61:3	TSK Jóel 3:16 (Votes=6)
Zsolt 62:10	TSK Ézs 59:4 (Votes=3)
Zsolt 62:4	TSK Ézs 59:4 (Votes=2)
Zsolt 62:9	TSK Ézs 40:17 (Votes=11)
Zsolt 69:13	TSK Ézs 45:19 (Votes=3)
Zsolt 69:21	TSK Jer 9:15 (Votes=2)
Zsolt 69:32	TSK Ézs 45:19 (Votes=4)
Zsolt 72:10	TSK 2Sám 8:2 (Votes=2)
Zsolt 72:11	TSK 2Sám 8:2 (Votes=2)
Zsolt 72:3	TSK Ézs 66:12 (Votes=6)
Zsolt 72:7	TSK Ézs 66:12 (Votes=6)
Zsolt 75:8	TSK Jer 9:15 (Votes=2)
Zsolt 76:12	TSK Ézs 40:23 (Votes=2)
Zsolt 78:66	TSK Zsolt 107:40 (Votes=3)
Zsolt 79:4	TSK Zsolt 80:6-7 (Votes=4); Károli-KH (forrás-vers: Zsolt 80:6-7)
Zsolt 7:13	TSK Ézs 59:4 (Votes=3)
Zsolt 7:14	TSK Ézs 59:4 (Votes=3)
Zsolt 7:15	Károli-KH (forrás-vers: Ézs 59:4)
Zsolt 80:1	TSK Ján 10:11 (Votes=15)
Zsolt 80:19	TSK Zsolt 80:6-7 (Votes=4)
Zsolt 80:3	TSK Zsolt 80:6-7 (Votes=4)
Zsolt 80:5	TSK Jer 9:15 (Votes=4)
Zsolt 83:6	TSK 2Sám 8:2 (Votes=1)
Zsolt 89:14	TSK Jel 20:11 (Votes=5)
Zsolt 89:34	TSK Mt 24:35 (Votes=141)
Zsolt 91:1	TSK Jóel 3:16 (Votes=4)
Zsolt 91:2	TSK Jóel 3:16 (Votes=4)
Zsolt 93:3	TSK Luk 21:25 (Votes=9); TSK Ézs 5:30 (Votes=3)
Zsolt 93:4	TSK Luk 21:25 (Votes=9); TSK Ézs 5:30 (Votes=3)
Zsolt 97:1	TSK Ézs 24:23 (Votes=2)
Zsolt 97:2	TSK Jel 20:11 (Votes=5)
Zsolt 97:7	TSK Ézs 44:9 (Votes=5)
Zsolt 9:10	TSK Ézs 45:19 (Votes=5)
Zsolt 9:7	TSK Jel 20:11 (Votes=7)
Zsolt 9:8	TSK Jel 20:11 (Votes=7)
Ámós 1:2	TSK Jóel 3:16 (Votes=10)
Ámós 3:8	TSK Jóel 3:16 (Votes=3)
Ámós 4:1	TSK Ez 34:12-16 (Votes=2)
Ámós 4:13	TSK Ámós 8:9 (Votes=4)
Ámós 4:3	TSK Ez 34:12-16 (Votes=2)
Ámós 5:10	TSK Ézs 29:21 (Votes=6); Károli-KH (forrás-vers: Ézs 29:21)
Ámós 5:12	TSK Ézs 29:21 (Votes=6)
Ámós 5:18	TSK Ez 34:12-16 (Votes=0)
Ámós 5:20	TSK Mt 24:29 (Votes=7); TSK Mk 13:24 (Votes=3); TSK Ez 34:12-16 (Votes=0)
Ámós 5:4	TSK Ézs 45:19 (Votes=12)
Ámós 5:8	TSK Ámós 8:9 (Votes=6); TSK Jóel 2:10 (Votes=-1); Károli-KH (forrás-vers: Ámós 8:9)
Ámós 6:2	TSK Mal 1:4 (Votes=2)
Ámós 7:10	TSK Ézs 29:21 (Votes=2)
Ámós 7:17	TSK Ézs 29:21 (Votes=2)
Ámós 7:7	TSK 2Kir 21:13 (Votes=7); TSK Sir 2:8 (Votes=3)
Ámós 7:8	TSK 2Kir 21:13 (Votes=7); TSK Sir 2:8 (Votes=3)
Ámós 8:10	TSK Ézs 13:10 (Votes=2); TSK Luk 21:25 (Votes=9); Károli-KH (forrás-vers: Ézs 5:30)
Ámós 9:1	TSK Sof 2:14 (Votes=3)
Ámós 9:14	TSK Ez 34:12-16 (Votes=43)
Én 1:7	TSK Ez 34:12-16 (Votes=2)
Én 1:8	TSK Ez 34:12-16 (Votes=2)
Én 3:6	TSK Jóel 2:30 (Votes=1)
Én 8:5	TSK 5Móz 32:10 (Votes=5)
Ézs 10:15	TSK Mal 1:4 (Votes=2)
Ézs 10:16	TSK Mal 1:4 (Votes=2); TSK Ez 34:12-16 (Votes=6)
Ézs 10:22	TSK 2Kir 21:13 (Votes=3)
Ézs 10:4	TSK Mal 1:4 (Votes=2)
Ézs 11:11	TSK Ez 34:12-16 (Votes=75)
Ézs 11:14	TSK Mal 1:4 (Votes=3)
Ézs 11:16	TSK Ez 34:12-16 (Votes=75)
Ézs 11:6	TSK Ez 34:12-16 (Votes=3)
Ézs 11:7	TSK Ez 34:12-16 (Votes=3)
Ézs 12:6	TSK Ézs 24:23 (Votes=3)
Ézs 13:13	TSK Luk 21:25 (Votes=10)
Ézs 13:14	TSK Luk 21:25 (Votes=10)
Ézs 13:15	TSK ApCsel 2:20 (Votes=3)
Ézs 13:19	TSK Náh 2:10 (Votes=2); TSK Sof 2:14 (Votes=3); TSK Jel 18:2 (Votes=5)
Ézs 13:21	TSK Ézs 14:23 (Votes=4); TSK Mal 1:3 (Votes=2); Károli-KH (forrás-vers: Jel 18:2)
Ézs 13:6-10	Károli-KH (forrás-vers: Mt 24:29)
Ézs 13:7	TSK Náh 2:10 (Votes=4)
Ézs 13:8	TSK Náh 2:10 (Votes=4)
Ézs 13:9	TSK Jóel 2:31 (Votes=6); TSK ApCsel 2:20 (Votes=3)
Ézs 13:9-10	Károli-KH (forrás-vers: Ez 32:7)
Ézs 19:1	TSK Jób 12:24 (Votes=2)
Ézs 19:13	TSK Ézs 40:23 (Votes=2)
Ézs 19:14	TSK Ézs 40:23 (Votes=2)
Ézs 19:3	igealak H1238
Ézs 1:15	TSK Ézs 45:19 (Votes=3)
Ézs 21:3	TSK Náh 2:10 (Votes=3)
Ézs 21:8	TSK Jel 18:2 (Votes=5)
Ézs 21:9	TSK Jel 18:2 (Votes=5)
Ézs 22:4	TSK Luk 21:25 (Votes=9)
Ézs 22:5	TSK Luk 21:25 (Votes=9)
Ézs 23:1	TSK Ézs 24:10 (Votes=2)
Ézs 23:8	TSK Zsolt 107:40 (Votes=4); TSK Jel 18:23 (Votes=9)
Ézs 23:9	TSK Zsolt 107:40 (Votes=4); TSK Ézs 40:23 (Votes=2)
Ézs 24:1	TSK Náh 2:10 (Votes=3); TSK Ézs 24:19 (Votes=3); igealak H1238
Ézs 24:12	TSK Ézs 24:10 (Votes=2)
Ézs 24:20	TSK Mk 13:24 (Votes=1)
Ézs 24:21	TSK Ézs 40:23 (Votes=2); TSK Ézs 13:10 (Votes=2)
Ézs 24:22	TSK Ézs 40:23 (Votes=2)
Ézs 24:3	igealak H1238
Ézs 24:5	TSK Ézs 24:19 (Votes=3)
Ézs 25:2	TSK Ézs 24:10 (Votes=2); TSK Ézs 13:22 (Votes=3)
Ézs 25:6	TSK Ez 34:12-16 (Votes=3)
Ézs 27:10	TSK Ézs 24:10 (Votes=2); TSK Ez 34:12-16 (Votes=2)
Ézs 28:17	TSK 2Kir 21:13 (Votes=3); TSK Sir 2:8 (Votes=2)
Ézs 29:10	TSK Ámós 8:9 (Votes=3)
Ézs 29:7	TSK Ézs 40:17 (Votes=5)
Ézs 29:9	TSK Ámós 8:9 (Votes=3)
Ézs 2:12	TSK ApCsel 2:20 (Votes=4)
Ézs 2:17	TSK Jer 9:15 (Votes=2)
Ézs 2:20	TSK Ézs 44:9 (Votes=4)
Ézs 2:21	TSK Ézs 44:9 (Votes=4); TSK ApCsel 2:20 (Votes=4)
Ézs 2:22	TSK Jer 9:15 (Votes=2)
Ézs 30:12	TSK Ézs 59:4 (Votes=4)
Ézs 30:15	TSK Zsolt 80:6-7 (Votes=2)
Ézs 30:23	TSK Ez 34:12-16 (Votes=3)
Ézs 30:24	TSK Ez 34:12-16 (Votes=3)
Ézs 30:26	TSK Ézs 24:23 (Votes=3); Károli-KH (forrás-vers: Ézs 24:23)
Ézs 32:14	TSK Ézs 24:10 (Votes=2); TSK Zsolt 104:30 (Votes=5)
Ézs 32:15	TSK Zsolt 104:30 (Votes=5)
Ézs 32:7	TSK Ézs 29:21 (Votes=2)
Ézs 33:16	TSK Jóel 3:16 (Votes=4)
Ézs 33:21	TSK Jóel 3:16 (Votes=2)
Ézs 34:10	TSK Náh 2:10 (Votes=2); TSK Ézs 24:19 (Votes=4); TSK Mal 1:4 (Votes=3); TSK Ézs 13:20 (Votes=2)
Ézs 34:12	TSK Ézs 40:23 (Votes=4)
Ézs 34:13	TSK Ézs 24:10 (Votes=2); TSK Ézs 13:22 (Votes=2); Károli-KH (forrás-vers: Ézs 13:20)
Ézs 34:13-14	Károli-KH (forrás-vers: Jel 18:2)
Ézs 34:14	TSK Mal 1:3 (Votes=2)
Ézs 34:15	TSK Ézs 24:10 (Votes=2); TSK Náh 2:10 (Votes=2); TSK Jel 18:2 (Votes=3); TSK Ézs 14:23 (Votes=4); TSK Ézs 13:20 (Votes=2)
Ézs 34:17	TSK Sof 2:14 (Votes=3)
Ézs 34:4	TSK Mt 24:29 (Votes=9); TSK Mk 13:25 (Votes=3); TSK Ez 32:7 (Votes=5); TSK Jóel 2:10 (Votes=1); TSK Jóel 2:31 (Votes=3); TSK Mt 24:35 (Votes=63); TSK Ézs 24:19 (Votes=4); Károli-KH (forrás-vers: Ézs 13:10)
Ézs 34:5	TSK Jóel 2:31 (Votes=3); TSK Mal 1:4 (Votes=3)
Ézs 34:8	TSK ApCsel 2:20 (Votes=3)
Ézs 34:9	TSK Mal 1:3 (Votes=2)
Ézs 35:4	TSK Ézs 49:4 (Votes=5)
Ézs 35:7	TSK Mal 1:3 (Votes=2); TSK Ézs 13:22 (Votes=3)
Ézs 36:12	TSK Zsolt 80:6-7 (Votes=2)
Ézs 36:16	TSK 2Sám 8:2 (Votes=2)
Ézs 36:20	TSK Zsolt 80:6-7 (Votes=2)
Ézs 36:8	TSK Zsolt 80:6-7 (Votes=2)
Ézs 37:18	TSK Ézs 44:9 (Votes=4)
Ézs 37:20	TSK Ézs 44:9 (Votes=4)
Ézs 37:23	TSK Zsolt 80:6-7 (Votes=2)
Ézs 3:26	TSK Sir 2:8 (Votes=4)
Ézs 40:10	TSK Ézs 49:4 (Votes=3)
Ézs 40:11	TSK Ez 34:12-16 (Votes=10); TSK Ez 34:12-16 (Votes=3); TSK Ez 34:12-16 (Votes=4); TSK Ján 10:11 (Votes=36); TSK 1Móz 33:13 (Votes=5); TSK 4Móz 11:12 (Votes=6); Károli-KH (forrás-vers: Ján 10:11)
Ézs 40:15	Károli-KH (forrás-vers: Ézs 40:17)
Ézs 40:20	Károli-KH (forrás-vers: Ézs 44:9)
Ézs 40:22	TSK Jób 26:7 (Votes=12)
Ézs 40:26	TSK Jób 26:7 (Votes=8); TSK Jób 26:14 (Votes=7)
Ézs 40:29	TSK Jób 26:14 (Votes=7)
Ézs 40:8	TSK Mt 24:35 (Votes=421)
Ézs 41:23	TSK 1Sám 12:21 (Votes=2)
Ézs 41:24	TSK 1Sám 12:21 (Votes=2); TSK Ézs 41:29 (Votes=4); TSK Ézs 44:9 (Votes=6)
Ézs 42:13	TSK Jóel 3:16 (Votes=7)
Ézs 42:18	TSK Ézs 44:9 (Votes=4)
Ézs 42:5	TSK Jób 26:7 (Votes=9); TSK Ézs 45:18 (Votes=10)
Ézs 43:10	TSK Ézs 45:19 (Votes=1)
Ézs 43:8	TSK Ézs 44:9 (Votes=4)
Ézs 43:9	TSK Ézs 45:19 (Votes=1)
Ézs 44:10	TSK 1Sám 12:21 (Votes=3)
Ézs 44:18	TSK Ézs 44:9 (Votes=4)
Ézs 44:20	TSK Ézs 41:29 (Votes=2); TSK Ézs 44:9 (Votes=4)
Ézs 45:12	TSK Ézs 45:18 (Votes=10)
Ézs 45:14	TSK Ézs 66:12 (Votes=11)
Ézs 45:20	TSK 1Sám 12:21 (Votes=3); TSK Ézs 44:9 (Votes=4)
Ézs 45:23	TSK Ézs 45:19 (Votes=2)
Ézs 45:5	TSK Ézs 45:18 (Votes=4)
Ézs 45:6	TSK Ézs 45:18 (Votes=4)
Ézs 46:1	TSK Ézs 44:9 (Votes=4)
Ézs 46:2	TSK Ézs 44:9 (Votes=4)
Ézs 46:6	TSK Ézs 44:9 (Votes=4)
Ézs 46:7	TSK 1Sám 12:21 (Votes=3); TSK Ézs 44:9 (Votes=4)
Ézs 47:6-15	Károli-KH (forrás-vers: Ézs 45:18)
Ézs 47:9	TSK Jel 18:23 (Votes=2)
Ézs 48:13	TSK Ézs 40:12 (Votes=14)
Ézs 48:16	TSK Ézs 45:19 (Votes=16); Károli-KH (forrás-vers: Ézs 45:19)
Ézs 48:18	TSK Ézs 66:12 (Votes=12)
Ézs 49:15	TSK 4Móz 11:12 (Votes=2)
Ézs 49:19	TSK Jer 9:10 (Votes=2); TSK Ézs 66:12 (Votes=10)
Ézs 49:23	TSK Ézs 66:12 (Votes=10); TSK 4Móz 11:12 (Votes=6)
Ézs 49:26	TSK Ez 34:12-16 (Votes=11)
Ézs 50:10	TSK Ez 34:12-16 (Votes=2)
Ézs 50:4	Károli-KH (forrás-vers: Ézs 24:19)
Ézs 51:15	TSK Luk 21:25 (Votes=10)
Ézs 51:16	TSK Jóel 3:16 (Votes=6)
Ézs 51:5	TSK Jóel 3:16 (Votes=3)
Ézs 51:6	TSK Jóel 3:16 (Votes=3); TSK Mt 24:35 (Votes=176)
Ézs 52:7	TSK Ézs 24:23 (Votes=2)
Ézs 53:10	TSK Ézs 49:4 (Votes=3)
Ézs 53:12	TSK Ézs 49:4 (Votes=3)
Ézs 53:6	TSK Ján 10:11 (Votes=15)
Ézs 54:10	TSK Mt 24:35 (Votes=160)
Ézs 54:3	TSK Ézs 66:12 (Votes=10)
Ézs 55:11	TSK Mt 24:35 (Votes=243)
Ézs 55:6	TSK Ézs 45:19 (Votes=1)
Ézs 55:7	TSK Ézs 45:19 (Votes=1)
Ézs 58:1	TSK Ézs 45:19 (Votes=2)
Ézs 58:3	TSK Ézs 45:19 (Votes=2)
Ézs 58:4	Károli-KH (forrás-vers: Ézs 59:4)
Ézs 59:10	TSK Ámós 8:9 (Votes=6)
Ézs 59:13	TSK Ézs 59:4 (Votes=3)
Ézs 59:14	TSK Ézs 59:4 (Votes=3)
Ézs 59:16	TSK Ézs 59:4 (Votes=3)
Ézs 59:3	TSK Ézs 59:4 (Votes=3)
Ézs 59:9	TSK Ámós 8:9 (Votes=6)
Ézs 5:17	TSK Ez 34:12-16 (Votes=6)
Ézs 5:5	TSK Sir 2:8 (Votes=2)
Ézs 60:14	TSK Ézs 66:12 (Votes=6)
Ézs 60:16	TSK Ézs 66:12 (Votes=12)
Ézs 60:19	TSK Ézs 24:23 (Votes=8)
Ézs 60:19-20	Károli-KH (forrás-vers: Ézs 24:23)
Ézs 60:4	TSK Ézs 66:12 (Votes=6)
Ézs 60:4-16	Károli-KH (forrás-vers: Ézs 66:12)
Ézs 61:1	TSK Ez 34:12-16 (Votes=3)
Ézs 61:3	TSK Ez 34:12-16 (Votes=3)
Ézs 61:6	TSK Ézs 66:12 (Votes=10)
Ézs 62:11	TSK Ézs 49:4 (Votes=3)
Ézs 63:1	TSK Ézs 45:19 (Votes=2); TSK Mal 1:4 (Votes=3)
Ézs 63:6	TSK Mal 1:4 (Votes=3)
Ézs 64:5	TSK Zsolt 80:6-7 (Votes=5)
Ézs 65:10	TSK Ez 34:12-16 (Votes=38); TSK Ez 34:12-16 (Votes=2)
Ézs 65:17	TSK Zsolt 104:30 (Votes=5)
Ézs 65:2	TSK Ézs 49:4 (Votes=2)
Ézs 65:23	TSK Ézs 49:4 (Votes=3)
Ézs 65:9	TSK Ez 34:12-16 (Votes=38); TSK Ez 34:12-16 (Votes=2)
Ézs 66:11	TSK Ézs 66:12 (Votes=10)
Ézs 66:19	TSK Ézs 66:12 (Votes=7); TSK Ez 34:12-16 (Votes=21)
Ézs 66:20	TSK Ézs 66:12 (Votes=7); TSK Ez 34:12-16 (Votes=21)
Ézs 66:22	TSK Zsolt 104:30 (Votes=3)
Ézs 6:10	TSK Jób 12:24 (Votes=2)
Ézs 6:9	TSK Jób 12:24 (Votes=2)
Ézs 8:19	TSK Ézs 45:19 (Votes=3)
Ézs 8:22	TSK Ézs 5:30 (Votes=8); Károli-KH (forrás-vers: Ézs 5:30)
Ézs 9:10	TSK Mal 1:4 (Votes=3)
Ézs 9:7	TSK Ézs 66:12 (Votes=8)
Ézs 9:9	TSK Mal 1:4 (Votes=3)
